use avaliacaobd_sette;

INSERT INTO Tipo_evento VALUES
(1, 'treinamento'),
(2, 'workshop'),
(3, 'feira');

INSERT INTO Status_participacao VALUES
(1, 'pendente'),
(2, 'recusada'),
(3, 'aceita'),
(4, 'concluída');

INSERT INTO Setor VALUES
(1, 'administrativo'),
(2, 'comercial'),
(3, 'operacional');

INSERT INTO Nivel_acesso VALUES
(1, 'comum'),
(2, 'gestor'),
(3, 'ceo');

INSERT INTO Forma_contato VALUES
(1, 'ligaçao'),
(2, 'mensagem'),
(3, 'email'),
(4, 'presencial');

INSERT INTO Etapa VALUES 
(1, 'prospects'),
(2, 'inicial'),
(3, 'potencial'),
(4, 'manutenção'),
(5, 'negociação'),
(6, 'followup');

INSERT INTO resultado values
(1, 'ótimo'),
(2, 'bom'),
(3, 'ruim'),
(4, 'péssimo');

INSERT INTO Tipo_veiculo (id, marca, modelo, capacidade_minima, capacidade_maxima, frete_minimo, distancia_minima, custo_distancia_excedente, custo_diaria, taxa_seguro, taxa_gris) VALUES
(1, 'Fiat', 'Fiorino', 0, 550, 398.00, 154, 2.60, 220.00, 0.0010, 0.0008),
(2, 'Ford', 'Van', 600, 1200, 655.00, 145, 3.55, 300.00, 0.0010, 0.0008),
(3, 'VW', 'VUC', 1200, 3000, 980.00, 200, 5.00, 390.00, 0.0010, 0.0008),
(4, 'Volvo', '03/04', 3000, 6000, 1417.76, 200, 6.00, 500.00, 0.0010, 0.0008),
(5, 'VW', 'Truck', 6000, 14000, 2904.79, 175, 8.33, 700.00, 0.0010, 0.0008),
(6, 'Volvo', 'Carreta 2 eixos', 14000, 33000, 3304.95, 175, 12.82, 1800.00, 0.0010, 0.0008),
(7, 'Ford', 'Carreta 3 eixos', 33000, 41000, 3672.15, 175, 13.50, 1800.00, 0.0010, 0.0008),
(8, 'Fiat', 'Carreta Cavalo Trucado', 41000, 45000, 4637.30, 175, 10.99, 1800.00, 0.0010, 0.0008),
(9, 'Volvo', 'Carreta Prancha', 45000, 50000, 3970.67, 175, 15.52, 1800.00, 0.0010, 0.0008);

insert into Colaborador (id, nome, cpf, telefone, email, senha, setor_id, nivel_acesso_id) values (1, 'Casi Holyland', '33813837872', '11713138255', 'cholyland0@blogs.com', '$2a$04$rDC596MW1H4.dCyZZvxr1Ob2C4oUcp6lhrRWYAQ8Tc8q6QCaCcfvC', 2, 2);
insert into Colaborador (id, nome, cpf, telefone, email, senha, setor_id, nivel_acesso_id) values (2, 'Marylinda Anthon', '12335018075', '65839819445', 'manthon1@virginia.edu', '$2a$04$j9WSTPzUU5aDctU02FFe5.7YPZBM511QfAJ8PRiW8INjX2uytGUKe', 1, 3);
insert into Colaborador (id, nome, cpf, telefone, email, senha, setor_id, nivel_acesso_id) values (3, 'Zerk Muckleston', '14724261681', '21786483405', 'zmuckleston2@cargocollective.com', '$2a$04$ryJMzonnlwq3YbnjjD3OzeyQH7t1PjbzUvHuUpu1MHoDJv/GC79iG', 1, 1);
insert into Colaborador (id, nome, cpf, telefone, email, senha, setor_id, nivel_acesso_id) values (4, 'Nadya Bowmer', '66582950452', '99942494745', 'nbowmer3@constantcontact.com', '$2a$04$uudCQBQ5VfJW2PKAGAEsj.wCN10AdzUp1MjITtPUggV6tboOg0zam', 1, 2);
insert into Colaborador (id, nome, cpf, telefone, email, senha, setor_id, nivel_acesso_id) values (5, 'Woodman Henstone', '20162989263', '34429231865', 'whenstone4@howstuffworks.com', '$2a$04$ABdVzZ1jIy.OxGY37r3hTeK.l0VD7watOWNLO1SObTxcSfep/JdyC', 2, 2);
insert into Colaborador (id, nome, cpf, telefone, email, senha, setor_id, nivel_acesso_id) values (6, 'Clyve Perschke', '17523468599', '47276803405', 'cperschke5@php.net', '$2a$04$qnYwwHcUvsoQEwroPLRSoORIrWknD8gJ0Znj3.1uCQ0OiJcUj0lim', 1, 1);
insert into Colaborador (id, nome, cpf, telefone, email, senha, setor_id, nivel_acesso_id) values (7, 'Anabelle Thomassin', '89752636044', '86093923405', 'athomassin6@4shared.com', '$2a$04$6mXezzz/pMvHgvgfv1DwHuxKyKHdZSynw2iB/PnG7FdR/3UzwPrEu', 1, 3);
insert into Colaborador (id, nome, cpf, telefone, email, senha, setor_id, nivel_acesso_id) values (8, 'Thedric Wabersich', '15386749075', '75781950785', 'twabersich7@jimdo.com', '$2a$04$iFf2gy/d9/d79aDqiX1xJ.w.0h7G3gPNOyxNYTyaOxGDISmGXHFre', 3, 1);
insert into Colaborador (id, nome, cpf, telefone, email, senha, setor_id, nivel_acesso_id) values (9, 'Kylen Espine', '41237217160', '25512915165', 'kespine8@a8.net', '$2a$04$NZJtnqryMdVxnMiYV5qMyeSMxdVGPZF29acGCAsIiBRgNzFZbEpn6', 1, 2);
insert into Colaborador (id, nome, cpf, telefone, email, senha, setor_id, nivel_acesso_id) values (10, 'Dietrich Rowsel', '46709519130', '33415824645', 'drowsel9@storify.com', '$2a$04$4Qp8sPLc1mvqwNSrV4htnOHAxJ16Nx6NY6dgjXGMdxaKZvPIKPQ4y', 3, 3);
insert into Colaborador (id, nome, cpf, telefone, email, senha, setor_id, nivel_acesso_id) values (11, 'Loy Rumbold', '46525547337', '45690072099', 'lrumbolda@census.gov', '$2a$04$MKFbqd9Hvq20dgxMXzROgeM6uAjTvUe0q5jy7qTrNShHwri175jwq', 1, 3);
insert into Colaborador (id, nome, cpf, telefone, email, senha, setor_id, nivel_acesso_id) values (12, 'Ade Morant', '61644552226', '36994566689', 'amorantb@paginegialle.it', '$2a$04$3Y6VFEteal3korJqjCz4zOnteOhWh29MMVZ7lzbATynQuTrmMm0fW', 1, 1);
insert into Colaborador (id, nome, cpf, telefone, email, senha, setor_id, nivel_acesso_id) values (13, 'Roscoe Baake', '59848197469', '48116344489', 'rbaakec@nbcnews.com', '$2a$04$hdS0Shz3OYpBvwLLaC9WMOEtpsZ/Mg6pxvT0Fs0fSUN1NrshSwHc.', 2, 1);
insert into Colaborador (id, nome, cpf, telefone, email, senha, setor_id, nivel_acesso_id) values (14, 'Cosette Schleswig-Holstein', '14948990069', '48341890529', 'cschleswigholsteind@yahoo.co.jp', '$2a$04$Y7z0I9C4JnfsAXY632pcyeorsNa0.ozrHNKCpOVl.kJVUDM9Hzl6m', 1, 1);
insert into Colaborador (id, nome, cpf, telefone, email, senha, setor_id, nivel_acesso_id) values (15, 'Vina Cann', '91791354043', '87073041729', 'vcanne@youtube.com', '$2a$04$WL2Pe5G1FmfV5QOa7cEXwOC4pHpw0hpkMpq0TT52dpq9gQ5P.D6sa', 2, 3);
insert into Colaborador (id, nome, cpf, telefone, email, senha, setor_id, nivel_acesso_id) values (16, 'Johan Stratz', '94820910697', '82582882209', 'jstratzf@gnu.org', '$2a$04$4juv3kAPm4ybePiJNb1odu1jKjetbmkASZ8BU4FgY5VMnJWkP2Ad6', 3, 1);
insert into Colaborador (id, nome, cpf, telefone, email, senha, setor_id, nivel_acesso_id) values (17, 'Clement Pound', '28881025397', '27468809579', 'cpoundg@delicious.com', '$2a$04$kksFZhoyMJRQ1lKIwTQqHuoSv5V/.hTYP0rFh04/5uDCspS9NguVu', 3, 2);
insert into Colaborador (id, nome, cpf, telefone, email, senha, setor_id, nivel_acesso_id) values (18, 'Arden Everit', '39142516071', '52055841909', 'aeverith@fda.gov', '$2a$04$/XKJjjgCoDpbYeBX/wRTiOoXuXUo.rydCSoteZjjpv1NxkceN6Po6', 3, 1);
insert into Colaborador (id, nome, cpf, telefone, email, senha, setor_id, nivel_acesso_id) values (19, 'Margy McVeighty', '41225843974', '18167978559', 'mmcveightyi@so-net.ne.jp', '$2a$04$OcDq7NDR1L7V1Ii9OEh7S.6rkC2VcJ2Ag1jOC75Cx4jmMCRYTnnEu', 3, 1);
insert into Colaborador (id, nome, cpf, telefone, email, senha, setor_id, nivel_acesso_id) values (20, 'Dedra Adanez', '82170289248', '60599597289', 'dadanezj@goo.ne.jp', '$2a$04$fU5CnqxilkBWXM/Pu/R2TOgJqcZY3YGBxd6dyPsU3LGSHLff5LvLe', 1, 2);
insert into Colaborador (id, nome, cpf, telefone, email, senha, setor_id, nivel_acesso_id) values (21, 'Amory Van Der Hoog', '12401393412', '98894713629', 'avank@webmd.com', '$2a$04$DriXENxP/XTEsC1NftKrVOSLmdqyiX9TLr7eiqVYFTkM5OF91mcVW', 3, 1);
insert into Colaborador (id, nome, cpf, telefone, email, senha, setor_id, nivel_acesso_id) values (22, 'Abran Rochford', '14408520365', '55235902739', 'arochfordl@eventbrite.com', '$2a$04$Cb1drZSYQwrjGqveKxWT6e/fbC3Ya7qKBOlcaP3kBDuyXuPRQOhym', 3, 1);
insert into Colaborador (id, nome, cpf, telefone, email, senha, setor_id, nivel_acesso_id) values (23, 'Stephenie Clubley', '74943201146', '72737545959', 'sclubleym@theglobeandmail.com', '$2a$04$uNLY5SWQegun4GYoZs/84.JWbkcj.Gg2jE7gCegyhPwtSEanmpASe', 1, 1);
insert into Colaborador (id, nome, cpf, telefone, email, senha, setor_id, nivel_acesso_id) values (24, 'Sib Arnaudin', '73338839943', '74922910126', 'sarnaudinn@indiegogo.com', '$2a$04$j3/cmMK/RGeSOrOeYo39mukpEB9CkXLf0KptyNGJiklRTeDoqApki', 2, 3);
insert into Colaborador (id, nome, cpf, telefone, email, senha, setor_id, nivel_acesso_id) values (25, 'Lanni Trineman', '22466701025', '48182223806', 'ltrinemano@4shared.com', '$2a$04$Td3ljbBnUBumm1maGE8Cy.FHadTUCjmWpT0EVse1i/a.TVwCqFdWW', 3, 2);
insert into Colaborador (id, nome, cpf, telefone, email, senha, setor_id, nivel_acesso_id) values (26, 'Cookie Gonthard', '47131350116', '52381875286', 'cgonthardp@qq.com', '$2a$04$.3vSYXOI67A/cKd0q0M4Puqmbo9NNtUUfmKHnmOKyGXKXm/VyCE8O', 3, 3);
insert into Colaborador (id, nome, cpf, telefone, email, senha, setor_id, nivel_acesso_id) values (27, 'Vasily Ivamy', '44333565978', '42083397176', 'vivamyq@blogspot.com', '$2a$04$MtPHOASXImguJcuXZeILve6bhtcO6kmHolKBelZXBcMC7ZD0moFo2', 2, 2);
insert into Colaborador (id, nome, cpf, telefone, email, senha, setor_id, nivel_acesso_id) values (28, 'Coleen Aspling', '99870150092', '32568679596', 'casplingr@usa.gov', '$2a$04$UeQfuu.zr8ZoDJpMJDV3vuhVooWYyQAhnRrratapR8X4D6DRK6Kqa', 1, 1);
insert into Colaborador (id, nome, cpf, telefone, email, senha, setor_id, nivel_acesso_id) values (29, 'Fayina Jagg', '38192680364', '36774597086', 'fjaggs@latimes.com', '$2a$04$n/UWk6Y0LJjKsQ9UMAzOAOoiMDmNcmQ1MygJC5/j.hCDUW8/V.KMi', 3, 3);
insert into Colaborador (id, nome, cpf, telefone, email, senha, setor_id, nivel_acesso_id) values (30, 'Marilyn Dadge', '00710567775', '18790868896', 'mdadget@msu.edu', '$2a$04$hOeOWVquIpETXpjNiRzwYO3KnK34/7mxrVvSPiq8XnNPs286SMAEK', 2, 2);
insert into Colaborador (id, nome, cpf, telefone, email, senha, setor_id, nivel_acesso_id) values (31, 'Ives Marjot', '36828994268', '40732166076', 'imarjotu@mtv.com', '$2a$04$2gK970IRdGGZg3FcmBJuP.FuVIT0D/alnXmr5J/MlNeotftcYiVxC', 1, 3);
insert into Colaborador (id, nome, cpf, telefone, email, senha, setor_id, nivel_acesso_id) values (32, 'Donnie Dumbelton', '66052157839', '52985416816', 'ddumbeltonv@paypal.com', '$2a$04$5WltjbTv.HFCdsgqXEJtNOj.dO1Lf./JZHkyAzJGZnAXCNMAaQXcm', 2, 2);
insert into Colaborador (id, nome, cpf, telefone, email, senha, setor_id, nivel_acesso_id) values (33, 'Margarethe Mecozzi', '62281445075', '26871466066', 'mmecozziw@reuters.com', '$2a$04$evFEfSyyEjDXCf.emd9jsesPAqCNGYFHJAZNpLah/AsizzuUbaDiG', 3, 2);
insert into Colaborador (id, nome, cpf, telefone, email, senha, setor_id, nivel_acesso_id) values (34, 'Wini Featherston', '39797188321', '74990370996', 'wfeatherstonx@army.mil', '$2a$04$gz/4uAiIuTnqIOxlRA7kQeVdoaJo7RpVFI0L/RnsOpjTelnm.5RYO', 1, 3);
insert into Colaborador (id, nome, cpf, telefone, email, senha, setor_id, nivel_acesso_id) values (35, 'Martie Robben', '47590230276', '70071258051', 'mrobbeny@so-net.ne.jp', '$2a$04$/VwVTUeLQWRnaHlBzx8ryeafk.GuwWyleAxWi6ivkMh0M/Idx5exm', 3, 2);
insert into Colaborador (id, nome, cpf, telefone, email, senha, setor_id, nivel_acesso_id) values (36, 'Grenville Leupold', '69957038722', '48270348811', 'gleupoldz@usa.gov', '$2a$04$ZI3I3miTrbtSB/KnfSv3HOzDfVeuLmpsoo6K5AnFIszIduDXs7XqS', 3, 2);
insert into Colaborador (id, nome, cpf, telefone, email, senha, setor_id, nivel_acesso_id) values (37, 'Roderick Vosse', '77622958511', '60236441951', 'rvosse10@cloudflare.com', '$2a$04$JbZELAbv4TaH918Z0LEbEuuuobrAmfkgByRIFjwrjAy9yM5qnCgOS', 3, 3);
insert into Colaborador (id, nome, cpf, telefone, email, senha, setor_id, nivel_acesso_id) values (38, 'Darnall Butterworth', '97947086869', '23380216261', 'dbutterworth11@chron.com', '$2a$04$Sb30RG8TRRqO7iGzqBJSZu56TaqYe0IUmWUUMWi/8.284db/GyCsm', 2, 1);
insert into Colaborador (id, nome, cpf, telefone, email, senha, setor_id, nivel_acesso_id) values (39, 'Anselm Bwye', '26777785276', '12769536781', 'abwye12@techcrunch.com', '$2a$04$GQjL8MzROV09E4ZWSPnaeOiVVONFcZEs8103zBU4zLLY00Gw6ecXi', 1, 2);
insert into Colaborador (id, nome, cpf, telefone, email, senha, setor_id, nivel_acesso_id) values (40, 'Nevile Sawday', '56502940287', '37481866551', 'nsawday13@squidoo.com', '$2a$04$RBSP/vHTNqa/IT99hJAGiedXSPSZxZA2Op6kqaRgk/WE1zAqyFPbq', 3, 1);
insert into Colaborador (id, nome, cpf, telefone, email, senha, setor_id, nivel_acesso_id) values (41, 'Julee Syce', '81071668351', '58480786081', 'jsyce14@gmpg.org', '$2a$04$mHHGJaiMYYiQBO9cXTREtea3OIlUZUQgZ5lzSw5zl5RbDTnWWJoJC', 3, 1);
insert into Colaborador (id, nome, cpf, telefone, email, senha, setor_id, nivel_acesso_id) values (42, 'Jenilee Causton', '77448410649', '42418625541', 'jcauston15@cdbaby.com', '$2a$04$76wNbw3Yqshx3z/UvXRYM.tR6vRiQEtM8FQAYC3dB0uqqc5IljA6a', 1, 3);
insert into Colaborador (id, nome, cpf, telefone, email, senha, setor_id, nivel_acesso_id) values (43, 'Devland Robottham', '08888387802', '19767228631', 'drobottham16@vkontakte.ru', '$2a$04$lcmC//tC12TY7X0Uoo2UheNxaQKt.hymwy7jTY0sbF0ZXe0/RkPii', 1, 3);
insert into Colaborador (id, nome, cpf, telefone, email, senha, setor_id, nivel_acesso_id) values (44, 'Lazaro Giraudy', '81227918079', '53074362571', 'lgiraudy17@utexas.edu', '$2a$04$RvkbxlpMcxpxz9c/.qPore0hNMv8BnCdSWMFj.FnysN6f05TglWv2', 3, 1);
insert into Colaborador (id, nome, cpf, telefone, email, senha, setor_id, nivel_acesso_id) values (45, 'Birk Hellwich', '85128140434', '59288914941', 'bhellwich18@seattletimes.com', '$2a$04$sproHCesx4PX4hAg8qxWfuK4pty4kGwxEiAzJeroOYtgLW/DEZRAK', 1, 3);
insert into Colaborador (id, nome, cpf, telefone, email, senha, setor_id, nivel_acesso_id) values (46, 'Meghann Deavin', '45027888538', '92896161131', 'mdeavin19@harvard.edu', '$2a$04$wG9CuK0OepD6aGQetUB2ou3hiQ0wv0vWB869klqHQhNwxVwVlILnC', 1, 1);
insert into Colaborador (id, nome, cpf, telefone, email, senha, setor_id, nivel_acesso_id) values (47, 'Allie Prestige', '04070769023', '55770330851', 'aprestige1a@army.mil', '$2a$04$l8z9QztfPkEa7EApfJIJP.53tlRjangYn.d7pxCW4EaLt4Cj.Uu9a', 3, 1);
insert into Colaborador (id, nome, cpf, telefone, email, senha, setor_id, nivel_acesso_id) values (48, 'Briana Krolman', '16712325342', '32069512651', 'bkrolman1b@yahoo.co.jp', '$2a$04$/0qsEmUSPO6k4qM9t72ZXOwq9ST8fNFVDLrNmFxsnQ96SkrmGkeKa', 2, 3);
insert into Colaborador (id, nome, cpf, telefone, email, senha, setor_id, nivel_acesso_id) values (49, 'Aurea Mannion', '25382773015', '23264803281', 'amannion1c@msn.com', '$2a$04$N3yP7.XWV/vXYufqFKd2vuAD54Sei/GAC1VHb1UvcbwJYik.jm9iO', 3, 2);
insert into Colaborador (id, nome, cpf, telefone, email, senha, setor_id, nivel_acesso_id) values (50, 'Hart Janca', '59316306680', '88382678431', 'hjanca1d@nbcnews.com', '$2a$04$zo1lmk5thfCYz28kOFn0POcBU1S/iSjLIz8w/JPtNcKsrvPUwOvwK', 2, 1);


insert into Evento (id, nome, data, duracao, local, descricao, tipo_evento_id) values (1, 'Curabitur gravida nisi at nibh. In hac habitasse plat', '2025-02-11', '6h 40m', 'http://google.com/sodales/scelerisque/mauris/sit/amet/eros.png', 'Fusce posuere felis sed lacus. Morbi sem mauris, laoreet ut, rhoncus aliquet, pulvinar sed, nisl. Nunc rhoncus dui vel sem.', 2);
insert into Evento (id, nome, data, duracao, local, descricao, tipo_evento_id) values (2, 'Etiam vel augue. Vestibulum rutrum rutrum neque. Aene', '2025-09-16', '9h 30m', 'https://phpbb.com/cras/pellentesque/volutpat.aspx', 'Etiam vel augue. Vestibulum rutrum rutrum neque. Aenean auctor gravida sem.', 1);
insert into Evento (id, nome, data, duracao, local, descricao, tipo_evento_id) values (3, 'Fusce consequat. Nulla nisl. Nunc nisl.', '2025-11-02', '2h 40m', 'https://163.com/ligula/in/lacus/curabitur.json', 'Integer tincidunt ante vel ipsum. Praesent blandit lacinia erat. Vestibulum sed magna at nunc commodo placerat.', 1);
insert into Evento (id, nome, data, duracao, local, descricao, tipo_evento_id) values (4, 'Morbi non lectus. Aliquam sit amet diam in magna bibe', '2025-11-19', '6h 50m', 'http://paginegialle.it/curae/donec/pharetra/magna/vestibulum.png', 'Maecenas ut massa quis augue luctus tincidunt. Nulla mollis molestie lorem. Quisque ut erat.', 3);
insert into Evento (id, nome, data, duracao, local, descricao, tipo_evento_id) values (5, 'Duis bibendum. Morbi non quam nec dui luctus rutrum. ', '2025-11-13', '1h 10m', 'https://boston.com/vestibulum/quam/sapien/varius.xml', 'Maecenas leo odio, condimentum id, luctus nec, molestie sed, justo. Pellentesque viverra pede ac diam. Cras pellentesque volutpat dui.', 2);
insert into Evento (id, nome, data, duracao, local, descricao, tipo_evento_id) values (6, 'Aenean fermentum. Donec ut mauris eget massa tempor c', '2025-05-21', '5h 50m', 'http://bloglovin.com/libero/nam/dui/proin/leo.jpg', 'In congue. Etiam justo. Etiam pretium iaculis justo.', 3);
insert into Evento (id, nome, data, duracao, local, descricao, tipo_evento_id) values (7, 'Curabitur gravida nisi at nibh. In hac habitasse plat', '2025-11-23', '8h 10m', 'https://example.com/in/est/risus/auctor/sed.html', 'Phasellus sit amet erat. Nulla tempus. Vivamus in felis eu sapien cursus vestibulum.', 3);
insert into Evento (id, nome, data, duracao, local, descricao, tipo_evento_id) values (8, 'Proin interdum mauris non ligula pellentesque ultrice', '2025-03-19', '7h 40m', 'https://webmd.com/sit/amet/cursus/id.js', 'Quisque id justo sit amet sapien dignissim vestibulum. Vestibulum ante ipsum primis in faucibus orci luctus et ultrices posuere cubilia Curae; Nulla dapibus dolor vel est. Donec odio justo, sollicitudin ut, suscipit a, feugiat et, eros.', 2);
insert into Evento (id, nome, data, duracao, local, descricao, tipo_evento_id) values (9, 'Nam ultrices, libero non mattis pulvinar, nulla pede ', '2025-04-02', '6h 40m', 'https://cornell.edu/aenean/auctor/gravida/sem.jsp', 'Mauris enim leo, rhoncus sed, vestibulum sit amet, cursus id, turpis. Integer aliquet, massa id lobortis convallis, tortor risus dapibus augue, vel accumsan tellus nisi eu orci. Mauris lacinia sapien quis libero.', 1);
insert into Evento (id, nome, data, duracao, local, descricao, tipo_evento_id) values (10, 'Sed ante. Vivamus tortor. Duis mattis egestas metus.', '2025-06-25', '40m', 'https://yellowbook.com/dui/vel/sem/sed.jpg', 'Fusce posuere felis sed lacus. Morbi sem mauris, laoreet ut, rhoncus aliquet, pulvinar sed, nisl. Nunc rhoncus dui vel sem.', 1);
insert into Evento (id, nome, data, duracao, local, descricao, tipo_evento_id) values (11, 'Vestibulum ac est lacinia nisi venenatis tristique. ', '2025-08-07', '5h 30m', 'https://cornell.edu/massa/tempor.jsp', 'Morbi porttitor lorem id ligula. Suspendisse ornare consequat lectus. In est risus, auctor sed, tristique in, tempus sit amet, sem.', 2);
insert into Evento (id, nome, data, duracao, local, descricao, tipo_evento_id) values (12, 'Proin interdum mauris non ligula pellentesque ultric', '2025-11-27', '0h 10m', 'http://noaa.gov/nascetur/ridiculus/mus.aspx', 'Quisque porta volutpat erat. Quisque erat eros, viverra eget, congue eget, semper rutrum, nulla. Nunc purus.', 1);
insert into Evento (id, nome, data, duracao, local, descricao, tipo_evento_id) values (13, 'Duis bibendum, felis sed interdum venenatis, turpis ', '2025-08-27', '3h 20m', 'https://slashdot.org/hac/habitasse/platea/dictumst/maecenas.js', 'In quis justo. Maecenas rhoncus aliquam lacus. Morbi quis tortor id nulla ultrices aliquet.', 2);
insert into Evento (id, nome, data, duracao, local, descricao, tipo_evento_id) values (14, 'Aliquam quis turpis eget elit sodales scelerisque. M', '2025-08-05', '8h 40m', 'http://gravatar.com/leo/odio/porttitor/id/consequat/in/consequat.xml', 'In hac habitasse platea dictumst. Etiam faucibus cursus urna. Ut tellus.', 1);
insert into Evento (id, nome, data, duracao, local, descricao, tipo_evento_id) values (15, 'Nullam sit amet turpis elementum ligula vehicula con', '2025-06-07', '2h 30m', 'http://parallels.com/aliquam/non/mauris/morbi/non/lectus/aliquam.jpg', 'Cum sociis natoque penatibus et magnis dis parturient montes, nascetur ridiculus mus. Vivamus vestibulum sagittis sapien. Cum sociis natoque penatibus et magnis dis parturient montes, nascetur ridiculus mus.', 3);
insert into Evento (id, nome, data, duracao, local, descricao, tipo_evento_id) values (16, 'Maecenas leo odio, condimentum id, luctus nec, moles', '2025-09-27', '6h 30m', 'https://ovh.net/ante/ipsum/primis/in/faucibus/orci/luctus.js', 'Integer ac leo. Pellentesque ultrices mattis odio. Donec vitae nisi.', 3);
insert into Evento (id, nome, data, duracao, local, descricao, tipo_evento_id) values (17, 'Praesent id massa id nisl venenatis lacinia. Aenean ', '2025-05-06', '9h 10m', 'https://elpais.com/semper/sapien/a.png', 'Etiam vel augue. Vestibulum rutrum rutrum neque. Aenean auctor gravida sem.', 3);
insert into Evento (id, nome, data, duracao, local, descricao, tipo_evento_id) values (18, 'Curabitur in libero ut massa volutpat convallis. Mor', '2025-02-22', '1h 40m', 'http://sbwire.com/ultrices.xml', 'Nullam sit amet turpis elementum ligula vehicula consequat. Morbi a ipsum. Integer a nibh.', 2);
insert into Evento (id, nome, data, duracao, local, descricao, tipo_evento_id) values (19, 'Cras mi pede, malesuada in, imperdiet et, commodo vu', '2025-12-15', '7h 10m', 'https://wix.com/vel/nulla/eget.js', 'In congue. Etiam justo. Etiam pretium iaculis justo.', 2);
insert into Evento (id, nome, data, duracao, local, descricao, tipo_evento_id) values (20, 'Duis aliquam convallis nunc. Proin at turpis a pede ', '2025-07-04', '1h 40m', 'https://time.com/mauris.jsp', 'Maecenas leo odio, condimentum id, luctus nec, molestie sed, justo. Pellentesque viverra pede ac diam. Cras pellentesque volutpat dui.', 2);
insert into Evento (id, nome, data, duracao, local, descricao, tipo_evento_id) values (21, 'Praesent blandit. Nam nulla. Integer pede justo, lac', '2025-05-18', '4h 50m', 'http://blogs.com/iaculis/justo.json', 'In hac habitasse platea dictumst. Etiam faucibus cursus urna. Ut tellus.', 1);
insert into Evento (id, nome, data, duracao, local, descricao, tipo_evento_id) values (22, 'Nullam porttitor lacus at turpis. Donec posuere metu', '2025-04-07', '7h 50m', 'http://mediafire.com/mauris.aspx', 'Nullam porttitor lacus at turpis. Donec posuere metus vitae ipsum. Aliquam non mauris.', 2);
insert into Evento (id, nome, data, duracao, local, descricao, tipo_evento_id) values (23, 'Cum sociis natoque penatibus et magnis dis parturien', '2025-05-18', '5h 20m', 'https://hexun.com/augue/aliquam/erat/volutpat/in/congue/etiam.jpg', 'Suspendisse potenti. In eleifend quam a odio. In hac habitasse platea dictumst.', 3);
insert into Evento (id, nome, data, duracao, local, descricao, tipo_evento_id) values (24, 'Integer ac leo. Pellentesque ultrices mattis odio. D', '2025-12-05', '3h 10m', 'https://pagesperso-orange.fr/vel/augue/vestibulum/ante/ipsum/primis.png', 'Maecenas tristique, est et tempus semper, est quam pharetra magna, ac consequat metus sapien ut nunc. Vestibulum ante ipsum primis in faucibus orci luctus et ultrices posuere cubilia Curae; Mauris viverra diam vitae quam. Suspendisse potenti.', 3);
insert into Evento (id, nome, data, duracao, local, descricao, tipo_evento_id) values (25, 'In quis justo. Maecenas rhoncus aliquam lacus. Morbi', '2025-07-17', '1h 10m', 'http://yahoo.com/dis/parturient/montes/nascetur/ridiculus/mus.png', 'Vestibulum quam sapien, varius ut, blandit non, interdum in, ante. Vestibulum ante ipsum primis in faucibus orci luctus et ultrices posuere cubilia Curae; Duis faucibus accumsan odio. Curabitur convallis.', 1);
insert into Evento (id, nome, data, duracao, local, descricao, tipo_evento_id) values (26, 'Proin eu mi. Nulla ac enim. In tempor, turpis nec eu', '2025-11-13', '6h 40m', 'https://hud.gov/in/congue/etiam/justo/etiam/pretium/iaculis.json', 'Maecenas leo odio, condimentum id, luctus nec, molestie sed, justo. Pellentesque viverra pede ac diam. Cras pellentesque volutpat dui.', 2);
insert into Evento (id, nome, data, duracao, local, descricao, tipo_evento_id) values (27, 'Sed ante. Vivamus tortor. Duis mattis egestas metus.', '2025-11-11', '1h 40m', 'https://parallels.com/quis/libero/nullam/sit/amet/turpis.html', 'Aenean fermentum. Donec ut mauris eget massa tempor convallis. Nulla neque libero, convallis eget, eleifend luctus, ultricies eu, nibh.', 1);
insert into Evento (id, nome, data, duracao, local, descricao, tipo_evento_id) values (28, 'Cras mi pede, malesuada in, imperdiet et, commodo vu', '2025-03-20', '9h 20m', 'https://wsj.com/ligula.html', 'In hac habitasse platea dictumst. Etiam faucibus cursus urna. Ut tellus.', 3);
insert into Evento (id, nome, data, duracao, local, descricao, tipo_evento_id) values (29, 'Vestibulum quam sapien, varius ut, blandit non, inte', '2025-08-10', '9h 50m', 'https://google.com.au/curae/donec/pharetra.jsp', 'Integer ac leo. Pellentesque ultrices mattis odio. Donec vitae nisi.', 1);
insert into Evento (id, nome, data, duracao, local, descricao, tipo_evento_id) values (30, 'Suspendisse potenti. In eleifend quam a odio. In hac', '2025-11-14', '7h 50m', 'http://smugmug.com/mus/vivamus.aspx', 'Proin interdum mauris non ligula pellentesque ultrices. Phasellus id sapien in sapien iaculis congue. Vivamus metus arcu, adipiscing molestie, hendrerit at, vulputate vitae, nisl.', 1);
insert into Evento (id, nome, data, duracao, local, descricao, tipo_evento_id) values (31, 'Sed sagittis. Nam congue, risus semper porta volutpa', '2025-06-12', '7h 40m', 'https://indiatimes.com/convallis.html', 'In hac habitasse platea dictumst. Etiam faucibus cursus urna. Ut tellus.', 1);
insert into Evento (id, nome, data, duracao, local, descricao, tipo_evento_id) values (32, 'Cras non velit nec nisi vulputate nonummy. Maecenas ', '2025-04-24', '7h 30m', 'http://yelp.com/nunc.png', 'In hac habitasse platea dictumst. Morbi vestibulum, velit id pretium iaculis, diam erat fermentum justo, nec condimentum neque sapien placerat ante. Nulla justo.', 2);
insert into Evento (id, nome, data, duracao, local, descricao, tipo_evento_id) values (33, 'Aliquam quis turpis eget elit sodales scelerisque. M', '2025-11-04', '1h 10m', 'http://desdev.cn/luctus/rutrum/nulla/tellus/in.html', 'Praesent id massa id nisl venenatis lacinia. Aenean sit amet justo. Morbi ut odio.', 1);
insert into Evento (id, nome, data, duracao, local, descricao, tipo_evento_id) values (34, 'Nullam porttitor lacus at turpis. Donec posuere metu', '2025-06-05', '7h 40m', 'https://opera.com/ultrices/vel.xml', 'Duis consequat dui nec nisi volutpat eleifend. Donec ut dolor. Morbi vel lectus in quam fringilla rhoncus.', 3);
insert into Evento (id, nome, data, duracao, local, descricao, tipo_evento_id) values (35, 'Fusce posuere felis sed lacus. Morbi sem mauris, lao', '2025-06-05', '9h 30m', 'http://godaddy.com/magna/bibendum.png', 'Nullam sit amet turpis elementum ligula vehicula consequat. Morbi a ipsum. Integer a nibh.', 2);
insert into Evento (id, nome, data, duracao, local, descricao, tipo_evento_id) values (36, 'Nam ultrices, libero non mattis pulvinar, nulla pede', '2025-11-26', '4h 50m', 'http://nature.com/pede.aspx', 'Maecenas leo odio, condimentum id, luctus nec, molestie sed, justo. Pellentesque viverra pede ac diam. Cras pellentesque volutpat dui.', 3);
insert into Evento (id, nome, data, duracao, local, descricao, tipo_evento_id) values (37, 'Cum sociis natoque penatibus et magnis dis parturien', '2025-02-14', '30m', 'http://indiatimes.com/in.html', 'Phasellus sit amet erat. Nulla tempus. Vivamus in felis eu sapien cursus vestibulum.', 1);
insert into Evento (id, nome, data, duracao, local, descricao, tipo_evento_id) values (38, 'Curabitur at ipsum ac tellus semper interdum. Mauris', '2025-09-27', '4h 20m', 'https://lycos.com/magna/vestibulum/aliquet/ultrices/erat/tortor/sollicitudin.json', 'Etiam vel augue. Vestibulum rutrum rutrum neque. Aenean auctor gravida sem.', 3);
insert into Evento (id, nome, data, duracao, local, descricao, tipo_evento_id) values (39, 'In hac habitasse platea dictumst. Etiam faucibus cur', '2025-09-12', '3h 50m', 'https://amazon.com/tempus/sit/amet/sem.png', 'Nullam porttitor lacus at turpis. Donec posuere metus vitae ipsum. Aliquam non mauris.', 3);
insert into Evento (id, nome, data, duracao, local, descricao, tipo_evento_id) values (40, 'Integer tincidunt ante vel ipsum. Praesent blandit l', '2025-10-07', '1h 50m', 'http://squidoo.com/hac/habitasse/platea/dictumst/aliquam.aspx', 'Aenean fermentum. Donec ut mauris eget massa tempor convallis. Nulla neque libero, convallis eget, eleifend luctus, ultricies eu, nibh.', 2);
insert into Evento (id, nome, data, duracao, local, descricao, tipo_evento_id) values (41, 'Etiam vel augue. Vestibulum rutrum rutrum neque. Aen', '2025-11-22', '2h 10m', 'https://usatoday.com/nulla/mollis/molestie/lorem/quisque/ut.jsp', 'Cras mi pede, malesuada in, imperdiet et, commodo vulputate, justo. In blandit ultrices enim. Lorem ipsum dolor sit amet, consectetuer adipiscing elit.', 2);
insert into Evento (id, nome, data, duracao, local, descricao, tipo_evento_id) values (42, 'Lorem ipsum dolor sit amet, consectetuer adipiscing ', '2025-05-16', '4h 50m', 'http://aboutads.info/vivamus/in/felis/eu/sapien/cursus/vestibulum.xml', 'Pellentesque at nulla. Suspendisse potenti. Cras in purus eu magna vulputate luctus.', 1);
insert into Evento (id, nome, data, duracao, local, descricao, tipo_evento_id) values (43, 'Duis bibendum. Morbi non quam nec dui luctus rutrum.', '2025-03-22', '4h 20m', 'https://wired.com/posuere/cubilia/curae/donec/pharetra/magna/vestibulum.jpg', 'Donec diam neque, vestibulum eget, vulputate ut, ultrices vel, augue. Vestibulum ante ipsum primis in faucibus orci luctus et ultrices posuere cubilia Curae; Donec pharetra, magna vestibulum aliquet ultrices, erat tortor sollicitudin mi, sit amet lobortis sapien sapien non mi. Integer ac neque.', 2);
insert into Evento (id, nome, data, duracao, local, descricao, tipo_evento_id) values (44, 'Maecenas ut massa quis augue luctus tincidunt. Nulla', '2025-07-17', '8h 30m', 'http://wordpress.org/mattis/egestas/metus/aenean/fermentum/donec.png', 'Quisque id justo sit amet sapien dignissim vestibulum. Vestibulum ante ipsum primis in faucibus orci luctus et ultrices posuere cubilia Curae; Nulla dapibus dolor vel est. Donec odio justo, sollicitudin ut, suscipit a, feugiat et, eros.', 1);
insert into Evento (id, nome, data, duracao, local, descricao, tipo_evento_id) values (45, 'Phasellus in felis. Donec semper sapien a libero. Nam dui.', '2025-10-05', '20m', 'https://tuttocitta.it/justo/sit.png', 'Maecenas tristique, est et tempus semper, est quam pharetra magna, ac consequat metus sapien ut nunc. Vestibulum ante ipsum primis in faucibus orci luctus et ultrices posuere cubilia Curae; Mauris viverra diam vitae quam. Suspendisse potenti.', 2);
insert into Evento (id, nome, data, duracao, local, descricao, tipo_evento_id) values (46, 'Curabitur at ipsum ac tellus semper interdum. Mauris', '2025-08-04', '7h 10m', 'http://cnn.com/sit/amet/sem/fusce.aspx', 'Aliquam quis turpis eget elit sodales scelerisque. Mauris sit amet eros. Suspendisse accumsan tortor quis turpis.', 2);
insert into Evento (id, nome, data, duracao, local, descricao, tipo_evento_id) values (47, 'Proin interdum mauris non ligula pellentesque ultric', '2025-05-10', '1h 50m', 'https://exblog.jp/pharetra.xml', 'Donec diam neque, vestibulum eget, vulputate ut, ultrices vel, augue. Vestibulum ante ipsum primis in faucibus orci luctus et ultrices posuere cubilia Curae; Donec pharetra, magna vestibulum aliquet ultrices, erat tortor sollicitudin mi, sit amet lobortis sapien sapien non mi. Integer ac neque.', 2);
insert into Evento (id, nome, data, duracao, local, descricao, tipo_evento_id) values (48, 'Nulla ut erat id mauris vulputate elementum. Nullam ', '2025-09-22', '4h 50m', 'https://wikia.com/sit.html', 'Phasellus sit amet erat. Nulla tempus. Vivamus in felis eu sapien cursus vestibulum.', 1);
insert into Evento (id, nome, data, duracao, local, descricao, tipo_evento_id) values (49, 'Curabitur in libero ut massa volutpat convallis. Mor', '2025-12-20', '5h 40m', 'https://uiuc.edu/mauris/vulputate/elementum.json', 'Quisque porta volutpat erat. Quisque erat eros, viverra eget, congue eget, semper rutrum, nulla. Nunc purus.', 2);
insert into Evento (id, nome, data, duracao, local, descricao, tipo_evento_id) values (50, 'Vestibulum ac est lacinia nisi venenatis tristique. ', '2025-06-26', '8h 30m', 'http://comcast.net/rutrum.js', 'In congue. Etiam justo. Etiam pretium iaculis justo.', 2);


insert into Participacao (colaborador_id, evento_id, status_participacao_id, justificativa) values (15, 45, 3, null);
insert into Participacao (colaborador_id, evento_id, status_participacao_id, justificativa) values (29, 43, 3, null);
insert into Participacao (colaborador_id, evento_id, status_participacao_id, justificativa) values (38, 24, 2, 'Não quis perder tempo em um evento da empresa');
insert into Participacao (colaborador_id, evento_id, status_participacao_id, justificativa) values (15, 25, 2, 'Não achei necessário comparecer');
insert into Participacao (colaborador_id, evento_id, status_participacao_id, justificativa) values (36, 48, 3, null);
insert into Participacao (colaborador_id, evento_id, status_participacao_id, justificativa) values (40, 25, 3, null);
insert into Participacao (colaborador_id, evento_id, status_participacao_id, justificativa) values (13, 22, 2, 'Não quis me expor em um evento da empresa');
insert into Participacao (colaborador_id, evento_id, status_participacao_id, justificativa) values (49, 13, 2, 'Não quis me envolver com colegas de trabalho');
insert into Participacao (colaborador_id, evento_id, status_participacao_id, justificativa) values (25, 24, 1, null);
insert into Participacao (colaborador_id, evento_id, status_participacao_id, justificativa) values (44, 4, 1, null);
insert into Participacao (colaborador_id, evento_id, status_participacao_id, justificativa) values (12, 8, 2, 'Não quis me expor em um evento da empresa');
insert into Participacao (colaborador_id, evento_id, status_participacao_id, justificativa) values (14, 43, 2, 'Não quis me envolver em confraternizações');
insert into Participacao (colaborador_id, evento_id, status_participacao_id, justificativa) values (40, 15, 1, null);
insert into Participacao (colaborador_id, evento_id, status_participacao_id, justificativa) values (43, 18, 3, null);
insert into Participacao (colaborador_id, evento_id, status_participacao_id, justificativa) values (27, 3, 3, null);
insert into Participacao (colaborador_id, evento_id, status_participacao_id, justificativa) values (26, 40, 3, null);
insert into Participacao (colaborador_id, evento_id, status_participacao_id, justificativa) values (47, 38, 3, null);
insert into Participacao (colaborador_id, evento_id, status_participacao_id, justificativa) values (12, 26, 3, null);
insert into Participacao (colaborador_id, evento_id, status_participacao_id, justificativa) values (22, 45, 3, null);
insert into Participacao (colaborador_id, evento_id, status_participacao_id, justificativa) values (42, 2, 3, null);
insert into Participacao (colaborador_id, evento_id, status_participacao_id, justificativa) values (2, 39, 1, null);
insert into Participacao (colaborador_id, evento_id, status_participacao_id, justificativa) values (6, 39, 3, null);
insert into Participacao (colaborador_id, evento_id, status_participacao_id, justificativa) values (2, 34, 1, null);
insert into Participacao (colaborador_id, evento_id, status_participacao_id, justificativa) values (35, 49, 3, null);
insert into Participacao (colaborador_id, evento_id, status_participacao_id, justificativa) values (48, 4, 2, 'Não quis participar de atividades em grupo');
insert into Participacao (colaborador_id, evento_id, status_participacao_id, justificativa) values (2, 45, 1, null);
insert into Participacao (colaborador_id, evento_id, status_participacao_id, justificativa) values (46, 15, 3, null);
insert into Participacao (colaborador_id, evento_id, status_participacao_id, justificativa) values (36, 21, 3, null);
insert into Participacao (colaborador_id, evento_id, status_participacao_id, justificativa) values (9, 6, 3, null);
insert into Participacao (colaborador_id, evento_id, status_participacao_id, justificativa) values (33, 4, 2, 'Não me identifiquei com o tema do evento');
insert into Participacao (colaborador_id, evento_id, status_participacao_id, justificativa) values (4, 12, 3, null);
insert into Participacao (colaborador_id, evento_id, status_participacao_id, justificativa) values (34, 40, 2, 'Esqueci do evento');
insert into Participacao (colaborador_id, evento_id, status_participacao_id, justificativa) values (45, 38, 1, null);
insert into Participacao (colaborador_id, evento_id, status_participacao_id, justificativa) values (14, 2, 1, null);
insert into Participacao (colaborador_id, evento_id, status_participacao_id, justificativa) values (11, 11, 1, null);
insert into Participacao (colaborador_id, evento_id, status_participacao_id, justificativa) values (2, 38, 3, null);
insert into Participacao (colaborador_id, evento_id, status_participacao_id, justificativa) values (12, 14, 2, 'Não consegui me organizar a tempo');
insert into Participacao (colaborador_id, evento_id, status_participacao_id, justificativa) values (19, 41, 3, null);
insert into Participacao (colaborador_id, evento_id, status_participacao_id, justificativa) values (45, 46, 3, null);
insert into Participacao (colaborador_id, evento_id, status_participacao_id, justificativa) values (4, 35, 2, 'Não me interessei pelo evento');
insert into Participacao (colaborador_id, evento_id, status_participacao_id, justificativa) values (50, 30, 2, 'Não recebi o convite');
insert into Participacao (colaborador_id, evento_id, status_participacao_id, justificativa) values (28, 23, 3, null);
insert into Participacao (colaborador_id, evento_id, status_participacao_id, justificativa) values (3, 18, 3, null);
insert into Participacao (colaborador_id, evento_id, status_participacao_id, justificativa) values (5, 33, 1, null);
insert into Participacao (colaborador_id, evento_id, status_participacao_id, justificativa) values (24, 7, 1, null);
insert into Participacao (colaborador_id, evento_id, status_participacao_id, justificativa) values (10, 31, 2, 'Não consegui me organizar a tempo');
insert into Participacao (colaborador_id, evento_id, status_participacao_id, justificativa) values (48, 39, 3, null);
insert into Participacao (colaborador_id, evento_id, status_participacao_id, justificativa) values (24, 5, 3, null);
insert into Participacao (colaborador_id, evento_id, status_participacao_id, justificativa) values (8, 10, 1, null);
insert into Participacao (colaborador_id, evento_id, status_participacao_id, justificativa) values (15, 49, 1, null);


-- quandor der esses inserts é pra atualizar o status da participação pra 4
-- mostrar o status da participação antes e depois
INSERT INTO Certificado_participacao (Evento_id, Colaborador_id, objetivo, principais_infos, aplicacoes, referencias, avaliacao, comentarios, url_pdf) VALUES
(45, 15, 'Aprender sobre as últimas tendências em automação de processos e entender a visão de mercado para os próximos 5 anos.', 'Deep dive em RPA (Robotic Process Automation) e a ascensão de Low-Code/No-Code. Dados mostraram aumento de 40% na eficiência com implementação de IA.', 'Implementar um piloto de RPA no setor financeiro para faturamento e otimizar a criação de fluxos de trabalho utilizando plataformas Low-Code.', 'Palestrante: Dr. Ana Ribeiro. Referências: Artigo "The Future of Work" da Gartner. Link: https://rpa.conference.com/slides.pdf', 9, 'Evento muito bem organizado, conteúdo prático e aplicável.', 'https://certificados.empresa.com/15_45.pdf');
INSERT INTO Certificado_participacao (Evento_id, Colaborador_id, objetivo, principais_infos, aplicacoes, referencias, avaliacao, comentarios, url_pdf) VALUES
(43, 29, 'Buscar novos métodos ágeis de desenvolvimento de software e aprofundar conhecimento em arquitetura de microsserviços escaláveis.', 'Tópicos de Domain-Driven Design (DDD) aplicados a microsserviços. Foco na comunicação assíncrona usando filas de mensagens (RabbitMQ/Kafka).', 'Revisar a arquitetura atual do nosso produto principal, introduzindo o conceito de Bounded Contexts e explorando a adoção de Kafka para eventos críticos.', 'Palestrante principal: João Silva (Tech Lead na Innovate Solutions). Livro recomendado: "Building Microservices" de Sam Newman.', 8, 'Ótimo nível técnico, porém a parte de networking foi um pouco curta.', 'https://certificados.empresa.com/29_43.pdf');
INSERT INTO Certificado_participacao (Evento_id, Colaborador_id, objetivo, principais_infos, aplicacoes, referencias, avaliacao, comentarios, url_pdf) VALUES
(48, 36, 'Entender as diretrizes de compliance em LGPD e as melhores práticas para a gestão de riscos e privacidade de dados.', 'Revisão das penalidades da LGPD e as exigências para o mapeamento de dados pessoais. Insights sobre auditorias internas e externas.', 'Criar um comitê de privacidade interno para realizar auditorias trimestrais e atualizar todos os termos de consentimento no sistema legacy.', 'Empresa citada: AuditCorp. Referência legal: Lei Geral de Proteção de Dados (13.709/2018).', 10, 'Essencial para a área. Conteúdo claro e 100% focado em nossa realidade.', 'https://certificados.empresa.com/36_48.pdf');
INSERT INTO Certificado_participacao (Evento_id, Colaborador_id, objetivo, principais_infos, aplicacoes, referencias, avaliacao, comentarios, url_pdf) VALUES
(25, 40, 'Conhecer ferramentas modernas de análise de dados e visualização que auxiliem na tomada de decisões estratégicas.', 'Apresentação detalhada sobre o uso do Power BI e Tableau. Demonstração de modelos preditivos simples usando Python (bibliotecas Pandas e Scikit-learn).', 'Treinar a equipe no uso do Tableau para criação de dashboards executivos e iniciar a POC de um modelo de previsão de churn.', 'Palestrante: Maria Oliveira (Data Scientist). Link para o dataset: https://data.analytics.org/dados.csv', 7, 'O conteúdo de Power BI foi básico, mas o de modelos preditivos foi excelente.', 'https://certificados.empresa.com/40_25.pdf');
INSERT INTO Certificado_participacao (Evento_id, Colaborador_id, objetivo, principais_infos, aplicacoes, referencias, avaliacao, comentarios, url_pdf) VALUES
(18, 43, 'Explorar as novidades em segurança da informação, com foco em prevenção de ataques de phishing e ransomware.', 'Novas técnicas de engenharia social utilizadas em ataques recentes. Estratégias de Defesa em Profundidade (Defense in Depth) e segmentação de rede.', 'Atualizar o treinamento de segurança para todos os colaboradores, incluindo simulações de phishing mais sofisticadas e reforçar o backup imutável.', 'Relatório da CyberSec Trends 2024. Palco Principal: Apresentação de "Zero Trust Architecture".', 9, 'Evento de alta relevância, com informações que precisam ser implementadas urgentemente.', 'https://certificados.empresa.com/43_18.pdf');
INSERT INTO Certificado_participacao (Evento_id, Colaborador_id, objetivo, principais_infos, aplicacoes, referencias, avaliacao, comentarios, url_pdf) VALUES
(3, 27, 'Imersão em liderança de equipes remotas, focando em engajamento, produtividade e bem-estar do time.', 'Métricas de produtividade para trabalho remoto. Dicas para comunicação assíncrona eficaz e manutenção da cultura organizacional à distância.', 'Ajustar o cronograma de reuniões para otimizar o tempo de foco e implementar ferramentas de comunicação para reduzir a dependência de e-mail.', 'Palestrante: Carlos Mendes, autor de "Remote Team Excellence". Plataforma citada: Slack.', 8, 'Abordagem prática, gostei dos exemplos de gestão de tempo e priorização.', 'https://certificados.empresa.com/27_3.pdf');
INSERT INTO Certificado_participacao (Evento_id, Colaborador_id, objetivo, principais_infos, aplicacoes, referencias, avaliacao, comentarios, url_pdf) VALUES
(40, 26, 'Entender o futuro do marketing digital, com ênfase em SEO para pesquisa por voz e campanhas de vídeo de curta duração.', 'Aumento da importância do E-E-A-T (Experience, Expertise, Authoritativeness, Trustworthiness) no Google. Crescimento do TikTok e Reels como canais de conversão.', 'Revisar a estratégia de conteúdo focada em formato de perguntas e respostas para otimizar para voz e alocar mais budget para a produção de vídeos curtos.', 'Ferramenta citada: SEMRush. Artigo: "Voice Search Optimization" de Moz.', 7, 'Excelente para a área de Marketing. Muitos insights práticos de SEO.', 'https://certificados.empresa.com/26_40.pdf');
INSERT INTO Certificado_participacao (Evento_id, Colaborador_id, objetivo, principais_infos, aplicacoes, referencias, avaliacao, comentarios, url_pdf) VALUES
(38, 47, 'Melhorar habilidades de negociação e fechamento de grandes contratos (Enterprise Sales).', 'Técnicas de mapeamento de stakeholders e criação de Business Cases convincentes. Foco em negociação baseada em valor, não em preço.', 'Aplicar o novo script de descoberta de necessidades em grandes clientes e estruturar propostas que destaquem o ROI (Retorno sobre Investimento).', 'Livro: "The Challenger Sale". Instrutor: Ricardo Sales.', 9, 'Negociação complexa é meu ponto fraco, aprendi muito sobre como influenciar o comitê decisório.', 'https://certificados.empresa.com/47_38.pdf');
INSERT INTO Certificado_participacao (Evento_id, Colaborador_id, objetivo, principais_infos, aplicacoes, referencias, avaliacao, comentarios, url_pdf) VALUES
(26, 12, 'Adquirir conhecimento em metodologias de design thinking para inovação de produto e criação de MVPs (Minimum Viable Products).', 'As cinco etapas do Design Thinking (empatia, definição, ideação, prototipagem e teste). Como validar hipóteses rapidamente com baixo custo.', 'Integrar workshops de design thinking no início de todo novo projeto e criar um "Innovation Lab" para prototipagem rápida de novas funcionalidades.', 'Empresa: IDEO. Ferramenta de prototipagem: Figma.', 8, 'A parte de ideação foi a mais rica, com dinâmicas muito criativas.', 'https://certificados.empresa.com/12_26.pdf');
INSERT INTO Certificado_participacao (Evento_id, Colaborador_id, objetivo, principais_infos, aplicacoes, referencias, avaliacao, comentarios, url_pdf) VALUES
(45, 22, 'Explorar as tendências de User Experience (UX) e User Interface (UI) para aplicativos móveis.', 'A importância da acessibilidade (WCAG) no design de interfaces. Novas abordagens para microinterações e feedback tátil.', 'Revisar a interface do nosso aplicativo para garantir 100% de conformidade com WCAG e implementar testes de usabilidade com usuários com deficiência visual.', 'Referência: Google Material Design Guidelines. Designer: Sofia Lins.', 10, 'Conteúdo de altíssima qualidade. O foco em acessibilidade é fundamental e muito bem-vindo.', 'https://certificados.empresa.com/22_45.pdf');
INSERT INTO Certificado_participacao (Evento_id, Colaborador_id, objetivo, principais_infos, aplicacoes, referencias, avaliacao, comentarios, url_pdf) VALUES
(2, 42, 'Aprender sobre o uso de computação em nuvem (Cloud Computing) para infraestrutura de alta disponibilidade e custo-benefício.', 'Comparativo entre AWS, Azure e GCP. Tópicos de Serverless e contêineres (Docker e Kubernetes).', 'Migrar o ambiente de homologação para uma arquitetura Serverless e começar o treinamento em Kubernetes para a equipe de DevOps.', 'Plataformas citadas: AWS, Azure. Certificação: Exame AWS Certified Solutions Architect.', 9, 'Tirou muitas dúvidas sobre a migração para a nuvem. O comparativo de custos foi muito útil.', 'https://certificados.empresa.com/42_2.pdf');


insert into Cliente (id, nome, telefone, email, segmento, uf, cidade, etapa_id) values (1, 'Errick Sharland', '45496542185', 'esharland0@google.nl', 'Radio And Television Broadcasting And Communications Equipment', 'FL', 'Jacksonville', 2);
insert into Cliente (id, nome, telefone, email, segmento, uf, cidade, etapa_id) values (2, 'Nealon Formoy', '42040998263', 'nformoy1@sina.com.cn', 'n/a', 'CA', 'Long Beach', 1);
insert into Cliente (id, nome, telefone, email, segmento, uf, cidade, etapa_id) values (3, 'Fifi Jorge', '05406238606', 'fjorge2@xinhuanet.com', 'n/a', 'FL', 'Orlando', 1);
insert into Cliente (id, nome, telefone, email, segmento, uf, cidade, etapa_id) values (4, 'Inness Brewster', '59510393164', 'ibrewster3@theglobeandmail.com', 'Major Pharmaceuticals', 'ID', 'Boise', 4);
insert into Cliente (id, nome, telefone, email, segmento, uf, cidade, etapa_id) values (5, 'Olympie Hullbrook', '00103223217', 'ohullbrook4@mac.com', 'EDP Services', 'KS', 'Kansas City', 3);
insert into Cliente (id, nome, telefone, email, segmento, uf, cidade, etapa_id) values (6, 'Pall Lecointe', '67695679164', 'plecointe5@people.com.cn', 'Investment Bankers/Brokers/Service', 'NY', 'Buffalo', 4);
insert into Cliente (id, nome, telefone, email, segmento, uf, cidade, etapa_id) values (7, 'Joe Latus', '19977882936', 'jlatus6@home.pl', 'n/a', 'TX', 'Dallas', 6);
insert into Cliente (id, nome, telefone, email, segmento, uf, cidade, etapa_id) values (8, 'Fons Powlesland', '70215880996', 'fpowlesland7@columbia.edu', 'Finance: Consumer Services', 'PA', 'Philadelphia', 1);
insert into Cliente (id, nome, telefone, email, segmento, uf, cidade, etapa_id) values (9, 'Linc Echalier', '61236917713', 'lechalier8@stanford.edu', 'Major Chemicals', 'FL', 'Sarasota', 6);
insert into Cliente (id, nome, telefone, email, segmento, uf, cidade, etapa_id) values (10, 'Joellyn Swatton', '56639449258', 'jswatton9@washington.edu', 'Packaged Foods', 'TX', 'Houston', 3);
insert into Cliente (id, nome, telefone, email, segmento, uf, cidade, etapa_id) values (11, 'Camila Troke', '14896019939', 'ctrokea@oakley.com', 'Natural Gas Distribution', 'CA', 'Santa Ana', 1);
insert into Cliente (id, nome, telefone, email, segmento, uf, cidade, etapa_id) values (12, 'Sandro Kohring', '34514548387', 'skohringb@myspace.com', 'n/a', 'TX', 'Houston', 4);
insert into Cliente (id, nome, telefone, email, segmento, uf, cidade, etapa_id) values (13, 'Terrance Athow', '39522551585', 'tathowc@wired.com', 'Aerospace', 'FL', 'Miami', 3);
insert into Cliente (id, nome, telefone, email, segmento, uf, cidade, etapa_id) values (14, 'Con Knoble', '85158808799', 'cknobled@so-net.ne.jp', 'n/a', 'MA', 'Waltham', 5);
insert into Cliente (id, nome, telefone, email, segmento, uf, cidade, etapa_id) values (15, 'Jacky Crush', '55102065476', 'jcrushe@icio.us', 'Real Estate', 'TX', 'Amarillo', 6);
insert into Cliente (id, nome, telefone, email, segmento, uf, cidade, etapa_id) values (16, 'Nelly Bowra', '08554220739', 'nbowraf@goo.ne.jp', 'Air Freight/Delivery Services', 'MN', 'Monticello', 5);
insert into Cliente (id, nome, telefone, email, segmento, uf, cidade, etapa_id) values (17, 'Basile Filinkov', '19863420798', 'bfilinkovg@indiatimes.com', 'Real Estate Investment Trusts', 'WA', 'Tacoma', 6);
insert into Cliente (id, nome, telefone, email, segmento, uf, cidade, etapa_id) values (18, 'Queenie Dudgeon', '11343794948', 'qdudgeonh@ucoz.ru', 'Property-Casualty Insurers', 'NY', 'Syracuse', 5);
insert into Cliente (id, nome, telefone, email, segmento, uf, cidade, etapa_id) values (19, 'Odelle Proudlock', '67419300731', 'oproudlocki@creativecommons.org', 'Precious Metals', 'FL', 'Fort Lauderdale', 1);
insert into Cliente (id, nome, telefone, email, segmento, uf, cidade, etapa_id) values (20, 'Brett Grogono', '32025891786', 'bgrogonoj@princeton.edu', 'n/a', 'NY', 'New York City', 1);
insert into Cliente (id, nome, telefone, email, segmento, uf, cidade, etapa_id) values (21, 'Anderson Trevon', '05842025285', 'atrevonk@senate.gov', 'Major Banks', 'TX', 'Houston', 2);
insert into Cliente (id, nome, telefone, email, segmento, uf, cidade, etapa_id) values (22, 'York Bednell', '63934405900', 'ybednelll@bloglines.com', 'Hotels/Resorts', 'CA', 'San Diego', 3);
insert into Cliente (id, nome, telefone, email, segmento, uf, cidade, etapa_id) values (23, 'Sabrina Pattison', '77849613223', 'spattisonm@t.co', 'Clothing/Shoe/Accessory Stores', 'NY', 'Flushing', 1);
insert into Cliente (id, nome, telefone, email, segmento, uf, cidade, etapa_id) values (24, 'Willette Tarry', '35986067659', 'wtarryn@google.co.jp', 'n/a', 'DE', 'Wilmington', 5);
insert into Cliente (id, nome, telefone, email, segmento, uf, cidade, etapa_id) values (25, 'Galen Uc', '32427001163', 'guco@blogs.com', 'n/a', 'PA', 'York', 2);
insert into Cliente (id, nome, telefone, email, segmento, uf, cidade, etapa_id) values (26, 'Kiah Minifie', '34658912652', 'kminifiep@ca.gov', 'Auto Parts:O.E.M.', 'TX', 'Austin', 2);
insert into Cliente (id, nome, telefone, email, segmento, uf, cidade, etapa_id) values (27, 'Mikey Kasbye', '23778945974', 'mkasbyeq@economist.com', 'Telecommunications Equipment', 'TX', 'Austin', 6);
insert into Cliente (id, nome, telefone, email, segmento, uf, cidade, etapa_id) values (28, 'Evangelin Esche', '94808206885', 'eescher@sitemeter.com', 'Major Pharmaceuticals', 'FL', 'Miami', 6);
insert into Cliente (id, nome, telefone, email, segmento, uf, cidade, etapa_id) values (29, 'Dev Barkess', '36305805032', 'dbarkesss@ustream.tv', 'Major Chemicals', 'FL', 'Orlando', 2);
insert into Cliente (id, nome, telefone, email, segmento, uf, cidade, etapa_id) values (30, 'Richmound Olivie', '20456167455', 'roliviet@vk.com', 'Other Consumer Services', 'FL', 'Orlando', 4);
insert into Cliente (id, nome, telefone, email, segmento, uf, cidade, etapa_id) values (31, 'Carri Andriveau', '72731531564', 'candriveauu@kickstarter.com', 'EDP Services', 'FL', 'Melbourne', 2);
insert into Cliente (id, nome, telefone, email, segmento, uf, cidade, etapa_id) values (32, 'Bil Cloney', '99338727777', 'bcloneyv@sourceforge.net', 'n/a', 'NY', 'New York City', 2);
insert into Cliente (id, nome, telefone, email, segmento, uf, cidade, etapa_id) values (33, 'Hieronymus Shoebrook', '96027804667', 'hshoebrookw@bloglines.com', 'Television Services', 'CA', 'San Jose', 2);
insert into Cliente (id, nome, telefone, email, segmento, uf, cidade, etapa_id) values (34, 'Tuck Gamlen', '56674315760', 'tgamlenx@usgs.gov', 'n/a', 'CA', 'Visalia', 4);
insert into Cliente (id, nome, telefone, email, segmento, uf, cidade, etapa_id) values (35, 'Marijo Gromley', '43844657568', 'mgromleyy@nih.gov', 'Semiconductors', 'MA', 'Watertown', 2);
insert into Cliente (id, nome, telefone, email, segmento, uf, cidade, etapa_id) values (36, 'Giacobo Everett', '84087217145', 'geverettz@google.cn', 'Movies/Entertainment', 'NY', 'Albany', 3);
insert into Cliente (id, nome, telefone, email, segmento, uf, cidade, etapa_id) values (37, 'Wrennie Chimenti', '42855619893', 'wchimenti10@yolasite.com', 'Major Pharmaceuticals', 'CA', 'Corona', 2);
insert into Cliente (id, nome, telefone, email, segmento, uf, cidade, etapa_id) values (38, 'Dorita Hearns', '22726457434', 'dhearns11@pbs.org', 'Major Banks', 'MN', 'Minneapolis', 5);
insert into Cliente (id, nome, telefone, email, segmento, uf, cidade, etapa_id) values (39, 'Florie Sayton', '37908687695', 'fsayton12@huffingtonpost.com', 'Real Estate Investment Trusts', 'FL', 'Kissimmee', 3);
insert into Cliente (id, nome, telefone, email, segmento, uf, cidade, etapa_id) values (40, 'Tiffi Attoc', '11463987772', 'tattoc13@ftc.gov', 'Industrial Machinery/Components', 'CA', 'Los Angeles', 6);
insert into Cliente (id, nome, telefone, email, segmento, uf, cidade, etapa_id) values (41, 'Camilla Buyers', '28920026590', 'cbuyers14@woothemes.com', 'Business Services', 'NY', 'Albany', 5);
insert into Cliente (id, nome, telefone, email, segmento, uf, cidade, etapa_id) values (42, 'Erwin Buttwell', '82812876456', 'ebuttwell15@goo.ne.jp', 'Telecommunications Equipment', 'PA', 'Pittsburgh', 4);
insert into Cliente (id, nome, telefone, email, segmento, uf, cidade, etapa_id) values (43, 'Hilario Diffley', '67229547451', 'hdiffley16@dot.gov', 'Medical/Dental Instruments', 'TX', 'Houston', 2);
insert into Cliente (id, nome, telefone, email, segmento, uf, cidade, etapa_id) values (44, 'Catie Bloys', '31915161468', 'cbloys17@unblog.fr', 'n/a', 'FL', 'Boca Raton', 1);
insert into Cliente (id, nome, telefone, email, segmento, uf, cidade, etapa_id) values (45, 'Reginauld McTrustey', '43069998233', 'rmctrustey18@nps.gov', 'Natural Gas Distribution', 'HI', 'Honolulu', 2);
insert into Cliente (id, nome, telefone, email, segmento, uf, cidade, etapa_id) values (46, 'Odetta Dod', '69228257686', 'odod19@cpanel.net', 'Diversified Financial Services', 'FL', 'Tampa', 5);
insert into Cliente (id, nome, telefone, email, segmento, uf, cidade, etapa_id) values (47, 'Lukas Corbie', '63418409111', 'lcorbie1a@theatlantic.com', 'n/a', 'NY', 'New York City', 3);
insert into Cliente (id, nome, telefone, email, segmento, uf, cidade, etapa_id) values (48, 'Nolie Risman', '83350140590', 'nrisman1b@canalblog.com', 'Computer Software: Prepackaged Software', 'FL', 'Gainesville', 5);
insert into Cliente (id, nome, telefone, email, segmento, uf, cidade, etapa_id) values (49, 'Ninon Oxenbury', '00630702962', 'noxenbury1c@trellian.com', 'Oil & Gas Production', 'FL', 'Tampa', 3);
insert into Cliente (id, nome, telefone, email, segmento, uf, cidade, etapa_id) values (50, 'Barbabas Tartt', '70746534500', 'btartt1d@addtoany.com', 'n/a', 'FL', 'Gainesville', 2);

-- mostrar o status do cliente antes e depois de inserir a interação
insert into Interacao (id, data, resumo, descricao, cliente_id, colaborador_id, forma_contato_id, resultado_id) values (1, '2025-04-17', 'Maecenas tristique, est et tempus semper, est quam pharetra magna, ac consequat metus sapien ut nunc. Vestibulum ante ipsum primis in faucibus orci luctus et ultrices posuere cubilia Curae; Mauris viverra diam vitae quam. Suspendisse potenti.', 'Fusce consequat. Nulla nisl. Nunc nisl.

Duis bibendum, felis sed interdum venenatis, turpis enim blandit mi, in porttitor pede justo eu massa. Donec dapibus. Duis at velit eu est congue elementum.', 14, 14, 2, 4);
insert into Interacao (id, data, resumo, descricao, cliente_id, colaborador_id, forma_contato_id, resultado_id) values (2, '2025-05-04', 'Fusce posuere felis sed lacus. Morbi sem mauris, laoreet ut, rhoncus aliquet, pulvinar sed, nisl. Nunc rhoncus dui vel sem.', 'Lorem ipsum dolor sit amet, consectetuer adipiscing elit. Proin risus. Praesent lectus.

Vestibulum quam sapien, varius ut, blandit non, interdum in, ante. Vestibulum ante ipsum primis in faucibus orci luctus et ultrices posuere cubilia Curae; Duis faucibus accumsan odio. Curabitur convallis.', 43, 42, 3, 1);
insert into Interacao (id, data, resumo, descricao, cliente_id, colaborador_id, forma_contato_id, resultado_id) values (3, '2025-01-19', 'Vestibulum quam sapien, varius ut, blandit non, interdum in, ante. Vestibulum ante ipsum primis in faucibus orci luctus et ultrices posuere cubilia Curae; Duis faucibus accumsan odio. Curabitur convallis.', 'Nam ultrices, libero non mattis pulvinar, nulla pede ullamcorper augue, a suscipit nulla elit ac nulla. Sed vel enim sit amet nunc viverra dapibus. Nulla suscipit ligula in lacus.

Curabitur at ipsum ac tellus semper interdum. Mauris ullamcorper purus sit amet nulla. Quisque arcu libero, rutrum ac, lobortis vel, dapibus at, diam.', 20, 33, 2, 4);
insert into Interacao (id, data, resumo, descricao, cliente_id, colaborador_id, forma_contato_id, resultado_id) values (4, '2024-12-16', 'Curabitur gravida nisi at nibh. In hac habitasse platea dictumst. Aliquam augue quam, sollicitudin vitae, consectetuer eget, rutrum at, lorem.', 'Proin leo odio, porttitor id, consequat in, consequat ut, nulla. Sed accumsan felis. Ut at dolor quis odio consequat varius.

Integer ac leo. Pellentesque ultrices mattis odio. Donec vitae nisi.', 20, 36, 3, 2);
insert into Interacao (id, data, resumo, descricao, cliente_id, colaborador_id, forma_contato_id, resultado_id) values (5, '2025-11-16', 'Morbi porttitor lorem id ligula. Suspendisse ornare consequat lectus. In est risus, auctor sed, tristique in, tempus sit amet, sem.', 'Cras non velit nec nisi vulputate nonummy. Maecenas tincidunt lacus at velit. Vivamus vel nulla eget eros elementum pellentesque.

Quisque porta volutpat erat. Quisque erat eros, viverra eget, congue eget, semper rutrum, nulla. Nunc purus.', 21, 28, 3, 1);
insert into Interacao (id, data, resumo, descricao, cliente_id, colaborador_id, forma_contato_id, resultado_id) values (6, '2025-03-29', 'Morbi non lectus. Aliquam sit amet diam in magna bibendum imperdiet. Nullam orci pede, venenatis non, sodales sed, tincidunt eu, felis.', 'Aenean fermentum. Donec ut mauris eget massa tempor convallis. Nulla neque libero, convallis eget, eleifend luctus, ultricies eu, nibh.

Quisque id justo sit amet sapien dignissim vestibulum. Vestibulum ante ipsum primis in faucibus orci luctus et ultrices posuere cubilia Curae; Nulla dapibus dolor vel est. Donec odio justo, sollicitudin ut, suscipit a, feugiat et, eros.', 34, 2, 3, 2);
insert into Interacao (id, data, resumo, descricao, cliente_id, colaborador_id, forma_contato_id, resultado_id) values (7, '2025-04-25', 'Fusce posuere felis sed lacus. Morbi sem mauris, laoreet ut, rhoncus aliquet, pulvinar sed, nisl. Nunc rhoncus dui vel sem.', 'Morbi non lectus. Aliquam sit amet diam in magna bibendum imperdiet. Nullam orci pede, venenatis non, sodales sed, tincidunt eu, felis.

Fusce posuere felis sed lacus. Morbi sem mauris, laoreet ut, rhoncus aliquet, pulvinar sed, nisl. Nunc rhoncus dui vel sem.', 1, 4, 1, 1);
insert into Interacao (id, data, resumo, descricao, cliente_id, colaborador_id, forma_contato_id, resultado_id) values (8, '2024-12-09', 'Cras mi pede, malesuada in, imperdiet et, commodo vulputate, justo. In blandit ultrices enim. Lorem ipsum dolor sit amet, consectetuer adipiscing elit.', 'Proin eu mi. Nulla ac enim. In tempor, turpis nec euismod scelerisque, quam turpis adipiscing lorem, vitae mattis nibh ligula nec sem.

Duis aliquam convallis nunc. Proin at turpis a pede posuere nonummy. Integer non velit.', 36, 15, 1, 3);
insert into Interacao (id, data, resumo, descricao, cliente_id, colaborador_id, forma_contato_id, resultado_id) values (9, '2025-11-13', 'Morbi porttitor lorem id ligula. Suspendisse ornare consequat lectus. In est risus, auctor sed, tristique in, tempus sit amet, sem.', 'Nam ultrices, libero non mattis pulvinar, nulla pede ullamcorper augue, a suscipit nulla elit ac nulla. Sed vel enim sit amet nunc viverra dapibus. Nulla suscipit ligula in lacus.

Curabitur at ipsum ac tellus semper interdum. Mauris ullamcorper purus sit amet nulla. Quisque arcu libero, rutrum ac, lobortis vel, dapibus at, diam.', 31, 8, 1, 3);
insert into Interacao (id, data, resumo, descricao, cliente_id, colaborador_id, forma_contato_id, resultado_id) values (10, '2025-07-21', 'Nullam sit amet turpis elementum ligula vehicula consequat. Morbi a ipsum. Integer a nibh.', 'Mauris enim leo, rhoncus sed, vestibulum sit amet, cursus id, turpis. Integer aliquet, massa id lobortis convallis, tortor risus dapibus augue, vel accumsan tellus nisi eu orci. Mauris lacinia sapien quis libero.

Nullam sit amet turpis elementum ligula vehicula consequat. Morbi a ipsum. Integer a nibh.', 46, 16, 4, 1);
insert into Interacao (id, data, resumo, descricao, cliente_id, colaborador_id, forma_contato_id, resultado_id) values (11, '2025-06-28', 'Quisque porta volutpat erat. Quisque erat eros, viverra eget, congue eget, semper rutrum, nulla. Nunc purus.', 'Cras mi pede, malesuada in, imperdiet et, commodo vulputate, justo. In blandit ultrices enim. Lorem ipsum dolor sit amet, consectetuer adipiscing elit.

Proin interdum mauris non ligula pellentesque ultrices. Phasellus id sapien in sapien iaculis congue. Vivamus metus arcu, adipiscing molestie, hendrerit at, vulputate vitae, nisl.', 13, 3, 1, 2);
insert into Interacao (id, data, resumo, descricao, cliente_id, colaborador_id, forma_contato_id, resultado_id) values (12, '2025-06-23', 'Praesent id massa id nisl venenatis lacinia. Aenean sit amet justo. Morbi ut odio.', 'Phasellus in felis. Donec semper sapien a libero. Nam dui.

Proin leo odio, porttitor id, consequat in, consequat ut, nulla. Sed accumsan felis. Ut at dolor quis odio consequat varius.', 41, 21, 4, 1);
insert into Interacao (id, data, resumo, descricao, cliente_id, colaborador_id, forma_contato_id, resultado_id) values (13, '2025-09-22', 'Maecenas leo odio, condimentum id, luctus nec, molestie sed, justo. Pellentesque viverra pede ac diam. Cras pellentesque volutpat dui.', 'Phasellus in felis. Donec semper sapien a libero. Nam dui.

Proin leo odio, porttitor id, consequat in, consequat ut, nulla. Sed accumsan felis. Ut at dolor quis odio consequat varius.', 19, 25, 1, 3);
insert into Interacao (id, data, resumo, descricao, cliente_id, colaborador_id, forma_contato_id, resultado_id) values (14, '2025-09-23', 'Pellentesque at nulla. Suspendisse potenti. Cras in purus eu magna vulputate luctus.', 'Nam ultrices, libero non mattis pulvinar, nulla pede ullamcorper augue, a suscipit nulla elit ac nulla. Sed vel enim sit amet nunc viverra dapibus. Nulla suscipit ligula in lacus.

Curabitur at ipsum ac tellus semper interdum. Mauris ullamcorper purus sit amet nulla. Quisque arcu libero, rutrum ac, lobortis vel, dapibus at, diam.', 2, 10, 4, 2);
insert into Interacao (id, data, resumo, descricao, cliente_id, colaborador_id, forma_contato_id, resultado_id) values (15, '2025-05-17', 'Maecenas leo odio, condimentum id, luctus nec, molestie sed, justo. Pellentesque viverra pede ac diam. Cras pellentesque volutpat dui.', 'Suspendisse potenti. In eleifend quam a odio. In hac habitasse platea dictumst.

Maecenas ut massa quis augue luctus tincidunt. Nulla mollis molestie lorem. Quisque ut erat.', 2, 7, 4, 4);
insert into Interacao (id, data, resumo, descricao, cliente_id, colaborador_id, forma_contato_id, resultado_id) values (16, '2025-03-22', 'Nullam porttitor lacus at turpis. Donec posuere metus vitae ipsum. Aliquam non mauris.', 'In quis justo. Maecenas rhoncus aliquam lacus. Morbi quis tortor id nulla ultrices aliquet.

Maecenas leo odio, condimentum id, luctus nec, molestie sed, justo. Pellentesque viverra pede ac diam. Cras pellentesque volutpat dui.', 26, 39, 2, 1);
insert into Interacao (id, data, resumo, descricao, cliente_id, colaborador_id, forma_contato_id, resultado_id) values (17, '2025-09-11', 'Nullam porttitor lacus at turpis. Donec posuere metus vitae ipsum. Aliquam non mauris.', 'Integer ac leo. Pellentesque ultrices mattis odio. Donec vitae nisi.

Nam ultrices, libero non mattis pulvinar, nulla pede ullamcorper augue, a suscipit nulla elit ac nulla. Sed vel enim sit amet nunc viverra dapibus. Nulla suscipit ligula in lacus.', 39, 1, 3, 2);
insert into Interacao (id, data, resumo, descricao, cliente_id, colaborador_id, forma_contato_id, resultado_id) values (18, '2025-05-04', 'Sed ante. Vivamus tortor. Duis mattis egestas metus.', 'Integer tincidunt ante vel ipsum. Praesent blandit lacinia erat. Vestibulum sed magna at nunc commodo placerat.

Praesent blandit. Nam nulla. Integer pede justo, lacinia eget, tincidunt eget, tempus vel, pede.', 18, 16, 4, 3);
insert into Interacao (id, data, resumo, descricao, cliente_id, colaborador_id, forma_contato_id, resultado_id) values (19, '2025-08-08', 'Sed ante. Vivamus tortor. Duis mattis egestas metus.', 'Lorem ipsum dolor sit amet, consectetuer adipiscing elit. Proin risus. Praesent lectus.

Vestibulum quam sapien, varius ut, blandit non, interdum in, ante. Vestibulum ante ipsum primis in faucibus orci luctus et ultrices posuere cubilia Curae; Duis faucibus accumsan odio. Curabitur convallis.', 30, 11, 1, 1);
insert into Interacao (id, data, resumo, descricao, cliente_id, colaborador_id, forma_contato_id, resultado_id) values (20, '2025-05-28', 'Cum sociis natoque penatibus et magnis dis parturient montes, nascetur ridiculus mus. Vivamus vestibulum sagittis sapien. Cum sociis natoque penatibus et magnis dis parturient montes, nascetur ridiculus mus.', 'Cum sociis natoque penatibus et magnis dis parturient montes, nascetur ridiculus mus. Vivamus vestibulum sagittis sapien. Cum sociis natoque penatibus et magnis dis parturient montes, nascetur ridiculus mus.

Etiam vel augue. Vestibulum rutrum rutrum neque. Aenean auctor gravida sem.', 7, 41, 2, 1);
insert into Interacao (id, data, resumo, descricao, cliente_id, colaborador_id, forma_contato_id, resultado_id) values (21, '2025-06-08', 'In hac habitasse platea dictumst. Morbi vestibulum, velit id pretium iaculis, diam erat fermentum justo, nec condimentum neque sapien placerat ante. Nulla justo.', 'Proin interdum mauris non ligula pellentesque ultrices. Phasellus id sapien in sapien iaculis congue. Vivamus metus arcu, adipiscing molestie, hendrerit at, vulputate vitae, nisl.

Aenean lectus. Pellentesque eget nunc. Donec quis orci eget orci vehicula condimentum.', 45, 32, 2, 2);
insert into Interacao (id, data, resumo, descricao, cliente_id, colaborador_id, forma_contato_id, resultado_id) values (22, '2025-10-30', 'In sagittis dui vel nisl. Duis ac nibh. Fusce lacus purus, aliquet at, feugiat non, pretium quis, lectus.', 'Phasellus sit amet erat. Nulla tempus. Vivamus in felis eu sapien cursus vestibulum.

Proin eu mi. Nulla ac enim. In tempor, turpis nec euismod scelerisque, quam turpis adipiscing lorem, vitae mattis nibh ligula nec sem.', 46, 17, 2, 3);
insert into Interacao (id, data, resumo, descricao, cliente_id, colaborador_id, forma_contato_id, resultado_id) values (23, '2025-01-17', 'Phasellus sit amet erat. Nulla tempus. Vivamus in felis eu sapien cursus vestibulum.', 'Quisque porta volutpat erat. Quisque erat eros, viverra eget, congue eget, semper rutrum, nulla. Nunc purus.

Phasellus in felis. Donec semper sapien a libero. Nam dui.', 43, 26, 4, 2);
insert into Interacao (id, data, resumo, descricao, cliente_id, colaborador_id, forma_contato_id, resultado_id) values (24, '2025-04-15', 'Nulla ut erat id mauris vulputate elementum. Nullam varius. Nulla facilisi.', 'Curabitur in libero ut massa volutpat convallis. Morbi odio odio, elementum eu, interdum eu, tincidunt in, leo. Maecenas pulvinar lobortis est.

Phasellus sit amet erat. Nulla tempus. Vivamus in felis eu sapien cursus vestibulum.', 50, 24, 2, 3);
insert into Interacao (id, data, resumo, descricao, cliente_id, colaborador_id, forma_contato_id, resultado_id) values (25, '2025-08-14', 'Praesent blandit. Nam nulla. Integer pede justo, lacinia eget, tincidunt eget, tempus vel, pede.', 'Curabitur in libero ut massa volutpat convallis. Morbi odio odio, elementum eu, interdum eu, tincidunt in, leo. Maecenas pulvinar lobortis est.

Phasellus sit amet erat. Nulla tempus. Vivamus in felis eu sapien cursus vestibulum.', 33, 33, 4, 3);
insert into Interacao (id, data, resumo, descricao, cliente_id, colaborador_id, forma_contato_id, resultado_id) values (26, '2025-06-01', 'Donec diam neque, vestibulum eget, vulputate ut, ultrices vel, augue. Vestibulum ante ipsum primis in faucibus orci luctus et ultrices posuere cubilia Curae; Donec pharetra, magna vestibulum aliquet ultrices', 'Phasellus sit amet erat. Nulla tempus. Vivamus in felis eu sapien cursus vestibulum.

Proin eu mi. Nulla ac enim. In tempor, turpis nec euismod scelerisque, quam turpis adipiscing lorem, vitae mattis nibh ligula nec sem.', 40, 20, 3, 3);
insert into Interacao (id, data, resumo, descricao, cliente_id, colaborador_id, forma_contato_id, resultado_id) values (27, '2025-08-31', 'Quisque id justo sit amet sapien dignissim vestibulum. Vestibulum ante ipsum primis in faucibus orci luctus et ultrices posuere cubilia Curae; Nulla dapibus dolor vel est. Donec odio justo, sollicitudin ut, suscipit a, feugiat et, eros.', 'Cras mi pede, malesuada in, imperdiet et, commodo vulputate, justo. In blandit ultrices enim. Lorem ipsum dolor sit amet, consectetuer adipiscing elit.

Proin interdum mauris non ligula pellentesque ultrices. Phasellus id sapien in sapien iaculis congue. Vivamus metus arcu, adipiscing molestie, hendrerit at, vulputate vitae, nisl.', 15, 35, 3, 4);
insert into Interacao (id, data, resumo, descricao, cliente_id, colaborador_id, forma_contato_id, resultado_id) values (28, '2025-01-20', 'Donec diam neque, vestibulum eget, vulputate ut, ultrices vel, augue. Vestibulum ante ipsum primis in faucibus orci luctus et ultrices posuere cubilia Curae; Donec pharetra, magna vestibulum aliquet ultrices.', 'Nullam sit amet turpis elementum ligula vehicula consequat. Morbi a ipsum. Integer a nibh.

In quis justo. Maecenas rhoncus aliquam lacus. Morbi quis tortor id nulla ultrices aliquet.', 4, 19, 1, 2);
insert into Interacao (id, data, resumo, descricao, cliente_id, colaborador_id, forma_contato_id, resultado_id) values (29, '2025-05-15', 'Vestibulum quam sapien, varius ut, blandit non, interdum in, ante. Vestibulum ante ipsum primis in faucibus orci luctus et ultrices posuere cubilia Curae; Duis faucibus accumsan odio. Curabitur convallis.', 'Proin interdum mauris non ligula pellentesque ultrices. Phasellus id sapien in sapien iaculis congue. Vivamus metus arcu, adipiscing molestie, hendrerit at, vulputate vitae, nisl.

Aenean lectus. Pellentesque eget nunc. Donec quis orci eget orci vehicula condimentum.', 45, 21, 3, 2);
insert into Interacao (id, data, resumo, descricao, cliente_id, colaborador_id, forma_contato_id, resultado_id) values (30, '2025-08-25', 'Morbi non lectus. Aliquam sit amet diam in magna bibendum imperdiet. Nullam orci pede, venenatis non, sodales sed, tincidunt eu, felis.', 'Nulla ut erat id mauris vulputate elementum. Nullam varius. Nulla facilisi.

Cras non velit nec nisi vulputate nonummy. Maecenas tincidunt lacus at velit. Vivamus vel nulla eget eros elementum pellentesque.', 4, 35, 1, 2);
insert into Interacao (id, data, resumo, descricao, cliente_id, colaborador_id, forma_contato_id, resultado_id) values (31, '2025-01-09', 'Duis consequat dui nec nisi volutpat eleifend. Donec ut dolor. Morbi vel lectus in quam fringilla rhoncus.', 'Nullam sit amet turpis elementum ligula vehicula consequat. Morbi a ipsum. Integer a nibh.

In quis justo. Maecenas rhoncus aliquam lacus. Morbi quis tortor id nulla ultrices aliquet.', 31, 27, 2, 3);
insert into Interacao (id, data, resumo, descricao, cliente_id, colaborador_id, forma_contato_id, resultado_id) values (32, '2025-11-17', 'Cras non velit nec nisi vulputate nonummy. Maecenas tincidunt lacus at velit. Vivamus vel nulla eget eros elementum pellentesque.', 'Praesent blandit. Nam nulla. Integer pede justo, lacinia eget, tincidunt eget, tempus vel, pede.

Morbi porttitor lorem id ligula. Suspendisse ornare consequat lectus. In est risus, auctor sed, tristique in, tempus sit amet, sem.', 17, 47, 2, 1);
insert into Interacao (id, data, resumo, descricao, cliente_id, colaborador_id, forma_contato_id, resultado_id) values (33, '2025-10-28', 'Quisque id justo sit amet sapien dignissim vestibulum. Vestibulum ante ipsum primis in faucibus orci luctus et ultrices posuere cubilia Curae; Nulla dapibus dolor vel est. Donec odio justo, sollicitudin ut, suscipit a.', 'Curabitur gravida nisi at nibh. In hac habitasse platea dictumst. Aliquam augue quam, sollicitudin vitae, consectetuer eget, rutrum at, lorem.

Integer tincidunt ante vel ipsum. Praesent blandit lacinia erat. Vestibulum sed magna at nunc commodo placerat.', 6, 11, 4, 1);
insert into Interacao (id, data, resumo, descricao, cliente_id, colaborador_id, forma_contato_id, resultado_id) values (34, '2025-10-04', 'Vestibulum ante ipsum primis in faucibus orci luctus et ultrices posuere cubilia Curae; Donec pharetra, magna vestibulum aliquet ultrices, erat tortor sollicitudin mi, sit amet lobortis sapien sapien non mi. Integer ac neque.', 'Etiam vel augue. Vestibulum rutrum rutrum neque. Aenean auctor gravida sem.

Praesent id massa id nisl venenatis lacinia. Aenean sit amet justo. Morbi ut odio.', 42, 11, 1, 1);
insert into Interacao (id, data, resumo, descricao, cliente_id, colaborador_id, forma_contato_id, resultado_id) values (35, '2025-03-04', 'Maecenas ut massa quis augue luctus tincidunt. Nulla mollis molestie lorem. Quisque ut erat.', 'Integer ac leo. Pellentesque ultrices mattis odio. Donec vitae nisi.

Nam ultrices, libero non mattis pulvinar, nulla pede ullamcorper augue, a suscipit nulla elit ac nulla. Sed vel enim sit amet nunc viverra dapibus. Nulla suscipit ligula in lacus.', 21, 3, 2, 3);
insert into Interacao (id, data, resumo, descricao, cliente_id, colaborador_id, forma_contato_id, resultado_id) values (36, '2025-10-07', 'Vestibulum quam sapien, varius ut, blandit non, interdum in, ante. Vestibulum ante ipsum primis in faucibus orci luctus et ultrices posuere cubilia Curae; Duis faucibus accumsan odio. Curabitur convallis.', 'Quisque porta volutpat erat. Quisque erat eros, viverra eget, congue eget, semper rutrum, nulla. Nunc purus.

Phasellus in felis. Donec semper sapien a libero. Nam dui.', 11, 41, 2, 3);
insert into Interacao (id, data, resumo, descricao, cliente_id, colaborador_id, forma_contato_id, resultado_id) values (37, '2025-10-31', 'In hac habitasse platea dictumst. Morbi vestibulum, velit id pretium iaculis, diam erat fermentum justo, nec condimentum neque sapien placerat ante. Nulla justo.', 'Integer ac leo. Pellentesque ultrices mattis odio. Donec vitae nisi.

Nam ultrices, libero non mattis pulvinar, nulla pede ullamcorper augue, a suscipit nulla elit ac nulla. Sed vel enim sit amet nunc viverra dapibus. Nulla suscipit ligula in lacus.', 4, 2, 1, 1);
insert into Interacao (id, data, resumo, descricao, cliente_id, colaborador_id, forma_contato_id, resultado_id) values (38, '2025-04-06', 'Cum sociis natoque penatibus et magnis dis parturient montes, nascetur ridiculus mus. Vivamus vestibulum sagittis sapien. Cum sociis natoque penatibus et magnis dis parturient montes, nascetur ridiculus mus.', 'Curabitur gravida nisi at nibh. In hac habitasse platea dictumst. Aliquam augue quam, sollicitudin vitae, consectetuer eget, rutrum at, lorem.

Integer tincidunt ante vel ipsum. Praesent blandit lacinia erat. Vestibulum sed magna at nunc commodo placerat.', 9, 31, 2, 3);
insert into Interacao (id, data, resumo, descricao, cliente_id, colaborador_id, forma_contato_id, resultado_id) values (39, '2025-02-01', 'Morbi non lectus. Aliquam sit amet diam in magna bibendum imperdiet. Nullam orci pede, venenatis non, sodales sed, tincidunt eu, felis.', 'Maecenas leo odio, condimentum id, luctus nec, molestie sed, justo. Pellentesque viverra pede ac diam. Cras pellentesque volutpat dui.

Maecenas tristique, est et tempus semper, est quam pharetra magna, ac consequat metus sapien ut nunc. Vestibulum ante ipsum primis in faucibus orci luctus et ultrices posuere cubilia Curae; Mauris viverra diam vitae quam. Suspendisse potenti.', 32, 44, 1, 4);
insert into Interacao (id, data, resumo, descricao, cliente_id, colaborador_id, forma_contato_id, resultado_id) values (40, '2025-07-25', 'Pellentesque at nulla. Suspendisse potenti. Cras in purus eu magna vulputate luctus.', 'Proin eu mi. Nulla ac enim. In tempor, turpis nec euismod scelerisque, quam turpis adipiscing lorem, vitae mattis nibh ligula nec sem.

Duis aliquam convallis nunc. Proin at turpis a pede posuere nonummy. Integer non velit.', 47, 29, 1, 1);
insert into Interacao (id, data, resumo, descricao, cliente_id, colaborador_id, forma_contato_id, resultado_id) values (41, '2025-08-10', 'Quisque id justo sit amet sapien dignissim vestibulum. Vestibulum ante ipsum primis in faucibus orci luctus et ultrices posuere cubilia Curae; Nulla dapibus dolor vel est. Donec odio justo, sollicitudin ut, suscipit a, feugiat et, eros.', 'Cras non velit nec nisi vulputate nonummy. Maecenas tincidunt lacus at velit. Vivamus vel nulla eget eros elementum pellentesque.

Quisque porta volutpat erat. Quisque erat eros, viverra eget, congue eget, semper rutrum, nulla. Nunc purus.', 46, 50, 3, 2);
insert into Interacao (id, data, resumo, descricao, cliente_id, colaborador_id, forma_contato_id, resultado_id) values (42, '2025-06-27', 'Phasellus in felis. Donec semper sapien a libero. Nam dui.', 'Cras mi pede, malesuada in, imperdiet et, commodo vulputate, justo. In blandit ultrices enim. Lorem ipsum dolor sit amet, consectetuer adipiscing elit.

Proin interdum mauris non ligula pellentesque ultrices. Phasellus id sapien in sapien iaculis congue. Vivamus metus arcu, adipiscing molestie, hendrerit at, vulputate vitae, nisl.', 18, 2, 4, 1);
insert into Interacao (id, data, resumo, descricao, cliente_id, colaborador_id, forma_contato_id, resultado_id) values (43, '2025-04-11', 'In hac habitasse platea dictumst. Morbi vestibulum, velit id pretium iaculis, diam erat fermentum justo, nec condimentum neque sapien placerat ante. Nulla justo.', 'Mauris enim leo, rhoncus sed, vestibulum sit amet, cursus id, turpis. Integer aliquet, massa id lobortis convallis, tortor risus dapibus augue, vel accumsan tellus nisi eu orci. Mauris lacinia sapien quis libero.

Nullam sit amet turpis elementum ligula vehicula consequat. Morbi a ipsum. Integer a nibh.', 26, 3, 4, 2);
insert into Interacao (id, data, resumo, descricao, cliente_id, colaborador_id, forma_contato_id, resultado_id) values (44, '2024-12-30', 'Curabitur at ipsum ac tellus semper interdum. Mauris ullamcorper purus sit amet nulla. Quisque arcu libero, rutrum ac, lobortis vel, dapibus at, diam.', 'Quisque id justo sit amet sapien dignissim vestibulum. Vestibulum ante ipsum primis in faucibus orci luctus et ultrices posuere cubilia Curae; Nulla dapibus dolor vel est. Donec odio justo, sollicitudin ut, suscipit a, feugiat et, eros.

Vestibulum ac est lacinia nisi venenatis tristique. Fusce congue, diam id ornare imperdiet, sapien urna pretium nisl, ut volutpat sapien arcu sed augue. Aliquam erat volutpat.', 5, 3, 2, 3);
insert into Interacao (id, data, resumo, descricao, cliente_id, colaborador_id, forma_contato_id, resultado_id) values (45, '2025-08-02', 'Praesent blandit. Nam nulla. Integer pede justo, lacinia eget, tincidunt eget, tempus vel, pede.', 'In sagittis dui vel nisl. Duis ac nibh. Fusce lacus purus, aliquet at, feugiat non, pretium quis, lectus.

Suspendisse potenti. In eleifend quam a odio. In hac habitasse platea dictumst.', 7, 46, 1, 4);
insert into Interacao (id, data, resumo, descricao, cliente_id, colaborador_id, forma_contato_id, resultado_id) values (46, '2025-05-21', 'Vestibulum ac est lacinia nisi venenatis tristique. Fusce congue, diam id ornare imperdiet, sapien urna pretium nisl, ut volutpat sapien arcu sed augue. Aliquam erat volutpat.', 'Praesent id massa id nisl venenatis lacinia. Aenean sit amet justo. Morbi ut odio.

Cras mi pede, malesuada in, imperdiet et, commodo vulputate, justo. In blandit ultrices enim. Lorem ipsum dolor sit amet, consectetuer adipiscing elit.', 33, 7, 1, 1);
insert into Interacao (id, data, resumo, descricao, cliente_id, colaborador_id, forma_contato_id, resultado_id) values (47, '2024-12-16', 'Maecenas tristique, est et tempus semper, est quam pharetra magna, ac consequat metus sapien ut nunc. Vestibulum ante ipsum primis in faucibus orci luctus et ultrices posuere cubilia Curae; Mauris viverra diam vitae quam. Suspendisse potenti.', 'Sed ante. Vivamus tortor. Duis mattis egestas metus.

Aenean fermentum. Donec ut mauris eget massa tempor convallis. Nulla neque libero, convallis eget, eleifend luctus, ultricies eu, nibh.', 4, 10, 3, 4);
insert into Interacao (id, data, resumo, descricao, cliente_id, colaborador_id, forma_contato_id, resultado_id) values (48, '2025-03-16', 'Praesent blandit. Nam nulla. Integer pede justo, lacinia eget, tincidunt eget, tempus vel, pede.', 'Fusce posuere felis sed lacus. Morbi sem mauris, laoreet ut, rhoncus aliquet, pulvinar sed, nisl. Nunc rhoncus dui vel sem.

Sed sagittis. Nam congue, risus semper porta volutpat, quam pede lobortis ligula, sit amet eleifend pede libero quis orci. Nullam molestie nibh in lectus.', 17, 30, 3, 3);
insert into Interacao (id, data, resumo, descricao, cliente_id, colaborador_id, forma_contato_id, resultado_id) values (49, '2025-02-16', 'Praesent blandit. Nam nulla. Integer pede justo, lacinia eget, tincidunt eget, tempus vel, pede.', 'Suspendisse potenti. In eleifend quam a odio. In hac habitasse platea dictumst.

Maecenas ut massa quis augue luctus tincidunt. Nulla mollis molestie lorem. Quisque ut erat.', 12, 1, 2, 2);
insert into Interacao (id, data, resumo, descricao, cliente_id, colaborador_id, forma_contato_id, resultado_id) values (50, '2025-04-18', 'Lorem ipsum dolor sit amet, consectetuer adipiscing elit. Proin risus. Praesent lectus.', 'Duis aliquam convallis nunc. Proin at turpis a pede posuere nonummy. Integer non velit.

Donec diam neque, vestibulum eget, vulputate ut, ultrices vel, augue. Vestibulum ante ipsum primis in faucibus orci luctus et ultrices posuere cubilia Curae; Donec pharetra, magna vestibulum aliquet ultrices, erat tortor sollicitudin mi, sit amet lobortis sapien sapien non mi. Integer ac neque.', 41, 41, 1, 4);


insert into Veiculo (id, placa, ano, disponivel, Tipo_veiculo_id) values (1, 'AAT3S10', '2007', 1, 9);
insert into Veiculo (id, placa, ano, disponivel, Tipo_veiculo_id) values (2, 'JJL6V79', '2009', 1, 2);
insert into Veiculo (id, placa, ano, disponivel, Tipo_veiculo_id) values (3, 'ENZ8Z29', '2016', 1, 9);
insert into Veiculo (id, placa, ano, disponivel, Tipo_veiculo_id) values (4, 'HNG0T50', '2014', 0, 2);
insert into Veiculo (id, placa, ano, disponivel, Tipo_veiculo_id) values (5, 'IIB2Q92', '2003', 0, 7);
insert into Veiculo (id, placa, ano, disponivel, Tipo_veiculo_id) values (6, 'UQW9K88', '2007', 1, 5);
insert into Veiculo (id, placa, ano, disponivel, Tipo_veiculo_id) values (7, 'SUX0K21', '2007', 0, 6);
insert into Veiculo (id, placa, ano, disponivel, Tipo_veiculo_id) values (8, 'CPP2R26', '2017', 0, 4);
insert into Veiculo (id, placa, ano, disponivel, Tipo_veiculo_id) values (9, 'QVZ0U90', '2004', 1, 5);
insert into Veiculo (id, placa, ano, disponivel, Tipo_veiculo_id) values (10, 'SEJ6V66', '2001', 0, 5);
insert into Veiculo (id, placa, ano, disponivel, Tipo_veiculo_id) values (11, 'WVU2M32', '2001', 0, 8);
insert into Veiculo (id, placa, ano, disponivel, Tipo_veiculo_id) values (12, 'OPS1Y14', '2012', 0, 3);
insert into Veiculo (id, placa, ano, disponivel, Tipo_veiculo_id) values (13, 'HUB5H12', '2008', 0, 3);
insert into Veiculo (id, placa, ano, disponivel, Tipo_veiculo_id) values (14, 'XDM7G22', '2000', 0, 3);
insert into Veiculo (id, placa, ano, disponivel, Tipo_veiculo_id) values (15, 'MFU2M92', '2017', 1, 8);
insert into Veiculo (id, placa, ano, disponivel, Tipo_veiculo_id) values (16, 'KZN4V46', '2003', 0, 5);
insert into Veiculo (id, placa, ano, disponivel, Tipo_veiculo_id) values (17, 'SSV1Z52', '2017', 0, 6);
insert into Veiculo (id, placa, ano, disponivel, Tipo_veiculo_id) values (18, 'WPN0L85', '2006', 0, 5);
insert into Veiculo (id, placa, ano, disponivel, Tipo_veiculo_id) values (19, 'KAV9H25', '2012', 1, 8);
insert into Veiculo (id, placa, ano, disponivel, Tipo_veiculo_id) values (20, 'TZI2E84', '2014', 1, 5);
insert into Veiculo (id, placa, ano, disponivel, Tipo_veiculo_id) values (21, 'AXE2J53', '2002', 1, 3);
insert into Veiculo (id, placa, ano, disponivel, Tipo_veiculo_id) values (22, 'PXG9L01', '2018', 0, 8);
insert into Veiculo (id, placa, ano, disponivel, Tipo_veiculo_id) values (23, 'MGN0Q03', '2013', 1, 9);
insert into Veiculo (id, placa, ano, disponivel, Tipo_veiculo_id) values (24, 'UFA7E58', '2003', 0, 9);
insert into Veiculo (id, placa, ano, disponivel, Tipo_veiculo_id) values (25, 'JUZ6S63', '2011', 0, 3);
insert into Veiculo (id, placa, ano, disponivel, Tipo_veiculo_id) values (26, 'AMI0D87', '2011', 0, 4);
insert into Veiculo (id, placa, ano, disponivel, Tipo_veiculo_id) values (27, 'MZR4J22', '2019', 1, 5);
insert into Veiculo (id, placa, ano, disponivel, Tipo_veiculo_id) values (28, 'NFW9K89', '2000', 1, 1);
insert into Veiculo (id, placa, ano, disponivel, Tipo_veiculo_id) values (29, 'FKF5E75', '2006', 0, 2);
insert into Veiculo (id, placa, ano, disponivel, Tipo_veiculo_id) values (30, 'LZD7U94', '2007', 1, 4);
insert into Veiculo (id, placa, ano, disponivel, Tipo_veiculo_id) values (31, 'AOI5I60', '2011', 1, 4);
insert into Veiculo (id, placa, ano, disponivel, Tipo_veiculo_id) values (32, 'UWJ5E77', '2008', 1, 5);
insert into Veiculo (id, placa, ano, disponivel, Tipo_veiculo_id) values (33, 'GID5H16', '2018', 1, 7);
insert into Veiculo (id, placa, ano, disponivel, Tipo_veiculo_id) values (34, 'RZN9U63', '2003', 1, 2);
insert into Veiculo (id, placa, ano, disponivel, Tipo_veiculo_id) values (35, 'BPA6K78', '2010', 1, 5);
insert into Veiculo (id, placa, ano, disponivel, Tipo_veiculo_id) values (36, 'JDH3I93', '2012', 1, 4);
insert into Veiculo (id, placa, ano, disponivel, Tipo_veiculo_id) values (37, 'LVV3L87', '2011', 1, 2);
insert into Veiculo (id, placa, ano, disponivel, Tipo_veiculo_id) values (38, 'GCL7D01', '2011', 0, 5);
insert into Veiculo (id, placa, ano, disponivel, Tipo_veiculo_id) values (39, 'LMQ7L44', '2007', 0, 1);
insert into Veiculo (id, placa, ano, disponivel, Tipo_veiculo_id) values (40, 'ODY9R69', '2017', 0, 6);
insert into Veiculo (id, placa, ano, disponivel, Tipo_veiculo_id) values (41, 'EFW7N91', '2019', 1, 1);
insert into Veiculo (id, placa, ano, disponivel, Tipo_veiculo_id) values (42, 'EGL8D16', '2012', 1, 6);
insert into Veiculo (id, placa, ano, disponivel, Tipo_veiculo_id) values (43, 'AGR5D74', '2007', 1, 8);
insert into Veiculo (id, placa, ano, disponivel, Tipo_veiculo_id) values (44, 'XMB5K01', '2008', 0, 5);
insert into Veiculo (id, placa, ano, disponivel, Tipo_veiculo_id) values (45, 'YNJ5E54', '2003', 0, 6);
insert into Veiculo (id, placa, ano, disponivel, Tipo_veiculo_id) values (46, 'IUA1R81', '2005', 1, 9);
insert into Veiculo (id, placa, ano, disponivel, Tipo_veiculo_id) values (47, 'RPZ1V29', '2011', 1, 1);
insert into Veiculo (id, placa, ano, disponivel, Tipo_veiculo_id) values (48, 'HVU8W02', '2013', 1, 1);
insert into Veiculo (id, placa, ano, disponivel, Tipo_veiculo_id) values (49, 'UZI3A68', '2009', 0, 4);
insert into Veiculo (id, placa, ano, disponivel, Tipo_veiculo_id) values (50, 'BEE4S89', '2016', 0, 9);


-- antes de inserir adicionar o motorista na tabela e pegar o id dele
-- mostrar a tabela de motoristas antes e deopis do primeiro e do segundo registro
-- mostrar a tabela de aviso
insert into Checklist_veiculo_frota (id, nome_motorista, destino, km_inicial, km_final, abastecido, comprovante_enviado, oleo_motor, reservatorio_agua, sistema_eletrico, estado_pneus, limpeza, lubrificacao_suspensoes, macaco, chave_roda, documento_atualizado, comentario, colaborador_id, veiculo_id) values (1, 'Tierney Gait', '5 Village Green Lane', 42277, 123590, 1, 1, 1, 1, 1, 1, 1, 1, 1, 1, 1, null, 29, 1);
insert into Checklist_veiculo_frota (id, nome_motorista, destino, km_inicial, km_final, abastecido, comprovante_enviado, oleo_motor, reservatorio_agua, sistema_eletrico, estado_pneus, limpeza, lubrificacao_suspensoes, macaco, chave_roda, documento_atualizado, comentario, colaborador_id, veiculo_id) values (51, 'Tierney Gait', '5 Village Green Lane', 123590, 163440, 0, 1, 1, 1, 1, 1, 1, 1, 1, 1, 1, null, 22, 3);
insert into Checklist_veiculo_frota (id, nome_motorista, destino, km_inicial, km_final, abastecido, comprovante_enviado, oleo_motor, reservatorio_agua, sistema_eletrico, estado_pneus, limpeza, lubrificacao_suspensoes, macaco, chave_roda, documento_atualizado, comentario, colaborador_id, veiculo_id) values (2, 'Izaak Demschke', '33 Nova Circle', 18066, 109712, 1, 1, 1, 1, 1, 1, 1, 1, 1, 1, 1, 'In hac habitasse platea dictumst. Etiam faucibus cursus urna. Ut tellus.', 29, 32);
insert into Checklist_veiculo_frota (id, nome_motorista, destino, km_inicial, km_final, abastecido, comprovante_enviado, oleo_motor, reservatorio_agua, sistema_eletrico, estado_pneus, limpeza, lubrificacao_suspensoes, macaco, chave_roda, documento_atualizado, comentario, colaborador_id, veiculo_id) values (3, 'Bryna Beresford', '7188 Porter Hill', 24100, 37913, 1, 1, 1, 1, 1, 1, 1, 1, 1, 1, 1, 'Quisque id justo sit amet sapien dignissim vestibulum. Vestibulum ante ipsum primis in faucibus orci luctus et ultrices posuere cubilia Curae; Nulla dapibus dolor vel est. Donec odio justo, sollicitudin ut, suscipit a, feugiat et, eros.', 34, 39);
insert into Checklist_veiculo_frota (id, nome_motorista, destino, km_inicial, km_final, abastecido, comprovante_enviado, oleo_motor, reservatorio_agua, sistema_eletrico, estado_pneus, limpeza, lubrificacao_suspensoes, macaco, chave_roda, documento_atualizado, comentario, colaborador_id, veiculo_id) values (4, 'Morly Feilden', '317 Waxwing Place', 60938, 96232, 1, 1, 1, 1, 1, 1, 1, 1, 1, 1, 1, 'Aenean fermentum. Donec ut mauris eget massa tempor convallis. Nulla neque libero, convallis eget, eleifend luctus, ultricies eu, nibh.', 50, 40);
insert into Checklist_veiculo_frota (id, nome_motorista, destino, km_inicial, km_final, abastecido, comprovante_enviado, oleo_motor, reservatorio_agua, sistema_eletrico, estado_pneus, limpeza, lubrificacao_suspensoes, macaco, chave_roda, documento_atualizado, comentario, colaborador_id, veiculo_id) values (5, 'Tommi Papaccio', '26 Anniversary Junction', 3435, 126550, 1, 1, 1, 1, 1, 1, 1, 1, 1, 1, 1, 'Curabitur at ipsum ac tellus semper interdum. Mauris ullamcorper purus sit amet nulla. Quisque arcu libero, rutrum ac, lobortis vel, dapibus at, diam.', 42, 40);
insert into Checklist_veiculo_frota (id, nome_motorista, destino, km_inicial, km_final, abastecido, comprovante_enviado, oleo_motor, reservatorio_agua, sistema_eletrico, estado_pneus, limpeza, lubrificacao_suspensoes, macaco, chave_roda, documento_atualizado, comentario, colaborador_id, veiculo_id) values (6, 'Frederich Teodoro', '28 Muir Alley', 60665, 65667, 1, 1, 1, 1, 1, 1, 1, 1, 1, 1, 1, null, 37, 28);
insert into Checklist_veiculo_frota (id, nome_motorista, destino, km_inicial, km_final, abastecido, comprovante_enviado, oleo_motor, reservatorio_agua, sistema_eletrico, estado_pneus, limpeza, lubrificacao_suspensoes, macaco, chave_roda, documento_atualizado, comentario, colaborador_id, veiculo_id) values (7, 'Moreen McFaul', '5 Continental Terrace', 11078, 149442, 1, 1, 1, 1, 1, 1, 1, 1, 1, 1, 1, null, 11, 36);
insert into Checklist_veiculo_frota (id, nome_motorista, destino, km_inicial, km_final, abastecido, comprovante_enviado, oleo_motor, reservatorio_agua, sistema_eletrico, estado_pneus, limpeza, lubrificacao_suspensoes, macaco, chave_roda, documento_atualizado, comentario, colaborador_id, veiculo_id) values (8, 'Aldridge Lovell', '5087 Pine View Park', 2933, 123320, 1, 1, 1, 1, 1, 1, 1, 1, 1, 1, 1, 'Morbi non lectus. Aliquam sit amet diam in magna bibendum imperdiet. Nullam orci pede, venenatis non, sodales sed, tincidunt eu, felis.', 46, 17);
insert into Checklist_veiculo_frota (id, nome_motorista, destino, km_inicial, km_final, abastecido, comprovante_enviado, oleo_motor, reservatorio_agua, sistema_eletrico, estado_pneus, limpeza, lubrificacao_suspensoes, macaco, chave_roda, documento_atualizado, comentario, colaborador_id, veiculo_id) values (9, 'Aland Downing', '0039 Troy Street', 28873, 49747, 0, 1, 1, 1, 1, 1, 1, 1, 1, 1, 1, 'Nullam sit amet turpis elementum ligula vehicula consequat. Morbi a ipsum. Integer a nibh.', 45, 42);
insert into Checklist_veiculo_frota (id, nome_motorista, destino, km_inicial, km_final, abastecido, comprovante_enviado, oleo_motor, reservatorio_agua, sistema_eletrico, estado_pneus, limpeza, lubrificacao_suspensoes, macaco, chave_roda, documento_atualizado, comentario, colaborador_id, veiculo_id) values (10, 'Mischa Peplay', '2322 Lerdahl Street', 10713, 40683, 1, 1, 1, 1, 1, 1, 1, 1, 1, 1, 1, 'Proin interdum mauris non ligula pellentesque ultrices. Phasellus id sapien in sapien iaculis congue. Vivamus metus arcu, adipiscing molestie, hendrerit at, vulputate vitae, nisl.', 15, 16);
insert into Checklist_veiculo_frota (id, nome_motorista, destino, km_inicial, km_final, abastecido, comprovante_enviado, oleo_motor, reservatorio_agua, sistema_eletrico, estado_pneus, limpeza, lubrificacao_suspensoes, macaco, chave_roda, documento_atualizado, comentario, colaborador_id, veiculo_id) values (11, 'Lynelle Kempston', '77353 Westend Court', 90730, 113987, 1, 1, 1, 1, 1, 1, 1, 1, 1, 1, 1, 'Suspendisse potenti. In eleifend quam a odio. In hac habitasse platea dictumst.', 25, 11);
insert into Checklist_veiculo_frota (id, nome_motorista, destino, km_inicial, km_final, abastecido, comprovante_enviado, oleo_motor, reservatorio_agua, sistema_eletrico, estado_pneus, limpeza, lubrificacao_suspensoes, macaco, chave_roda, documento_atualizado, comentario, colaborador_id, veiculo_id) values (12, 'Jacquette McMillan', '498 Heffernan Crossing', 78951, null, 1, 1, 1, 1, 1, 1, 1, 1, 1, 1, 1, 'Proin eu mi. Nulla ac enim. In tempor, turpis nec euismod scelerisque, quam turpis adipiscing lorem, vitae mattis nibh ligula nec sem.', 35, 23);
insert into Checklist_veiculo_frota (id, nome_motorista, destino, km_inicial, km_final, abastecido, comprovante_enviado, oleo_motor, reservatorio_agua, sistema_eletrico, estado_pneus, limpeza, lubrificacao_suspensoes, macaco, chave_roda, documento_atualizado, comentario, colaborador_id, veiculo_id) values (13, 'Iona Whatford', '072 Vahlen Point', 67229, 130050, 1, 1, 1, 1, 1, 1, 1, 1, 1, 1, 1, null, 5, 45);
insert into Checklist_veiculo_frota (id, nome_motorista, destino, km_inicial, km_final, abastecido, comprovante_enviado, oleo_motor, reservatorio_agua, sistema_eletrico, estado_pneus, limpeza, lubrificacao_suspensoes, macaco, chave_roda, documento_atualizado, comentario, colaborador_id, veiculo_id) values (14, 'Lilyan Boeter', '5 Ridge Oak Court', 76450, null, 1, 1, 1, 1, 1, 0, 1, 1, 1, 1, 1, 'In quis justo. Maecenas rhoncus aliquam lacus. Morbi quis tortor id nulla ultrices aliquet.', 36, 3);
insert into Checklist_veiculo_frota (id, nome_motorista, destino, km_inicial, km_final, abastecido, comprovante_enviado, oleo_motor, reservatorio_agua, sistema_eletrico, estado_pneus, limpeza, lubrificacao_suspensoes, macaco, chave_roda, documento_atualizado, comentario, colaborador_id, veiculo_id) values (15, 'Sam Feavearyear', '229 Service Center', 75268, 94822, 1, 1, 1, 1, 1, 1, 1, 1, 1, 1, 1, null, 26, 9);
insert into Checklist_veiculo_frota (id, nome_motorista, destino, km_inicial, km_final, abastecido, comprovante_enviado, oleo_motor, reservatorio_agua, sistema_eletrico, estado_pneus, limpeza, lubrificacao_suspensoes, macaco, chave_roda, documento_atualizado, comentario, colaborador_id, veiculo_id) values (16, 'Rocky Lindholm', '675 Farmco Court', 80377, null, 1, 1, 1, 1, 1, 1, 1, 1, 1, 1, 1, 'Sed ante. Vivamus tortor. Duis mattis egestas metus.', 4, 43);
insert into Checklist_veiculo_frota (id, nome_motorista, destino, km_inicial, km_final, abastecido, comprovante_enviado, oleo_motor, reservatorio_agua, sistema_eletrico, estado_pneus, limpeza, lubrificacao_suspensoes, macaco, chave_roda, documento_atualizado, comentario, colaborador_id, veiculo_id) values (17, 'Tarra Baumer', '5752 Elmside Point', 45098, 145799, 1, 1, 1, 1, 1, 1, 1, 1, 1, 1, 1, null, 49, 34);
insert into Checklist_veiculo_frota (id, nome_motorista, destino, km_inicial, km_final, abastecido, comprovante_enviado, oleo_motor, reservatorio_agua, sistema_eletrico, estado_pneus, limpeza, lubrificacao_suspensoes, macaco, chave_roda, documento_atualizado, comentario, colaborador_id, veiculo_id) values (18, 'Rodrigo Mighele', '3073 Old Shore Place', 1413, 104169, 1, 1, 1, 1, 1, 1, 1, 1, 1, 1, 1, null, 25, 47);
insert into Checklist_veiculo_frota (id, nome_motorista, destino, km_inicial, km_final, abastecido, comprovante_enviado, oleo_motor, reservatorio_agua, sistema_eletrico, estado_pneus, limpeza, lubrificacao_suspensoes, macaco, chave_roda, documento_atualizado, comentario, colaborador_id, veiculo_id) values (19, 'Ker Cloney', '34038 Birchwood Terrace', 42332, 60093, 1, 1, 1, 1, 1, 1, 1, 1, 1, 1, 1, 'Integer ac leo. Pellentesque ultrices mattis odio. Donec vitae nisi.', 19, 21);
insert into Checklist_veiculo_frota (id, nome_motorista, destino, km_inicial, km_final, abastecido, comprovante_enviado, oleo_motor, reservatorio_agua, sistema_eletrico, estado_pneus, limpeza, lubrificacao_suspensoes, macaco, chave_roda, documento_atualizado, comentario, colaborador_id, veiculo_id) values (20, 'Roselin Keems', '1 Moose Place', 62324, null, 1, 1, 1, 1, 1, 1, 1, 1, 1, 1, 1, 'Phasellus sit amet erat. Nulla tempus. Vivamus in felis eu sapien cursus vestibulum.', 32, 37);
insert into Checklist_veiculo_frota (id, nome_motorista, destino, km_inicial, km_final, abastecido, comprovante_enviado, oleo_motor, reservatorio_agua, sistema_eletrico, estado_pneus, limpeza, lubrificacao_suspensoes, macaco, chave_roda, documento_atualizado, comentario, colaborador_id, veiculo_id) values (21, 'Nickolas Worswick', '6009 Orin Pass', 51580, 145433, 1, 1, 1, 1, 1, 1, 1, 1, 1, 1, 1, 'Praesent blandit. Nam nulla. Integer pede justo, lacinia eget, tincidunt eget, tempus vel, pede.', 42, 49);
insert into Checklist_veiculo_frota (id, nome_motorista, destino, km_inicial, km_final, abastecido, comprovante_enviado, oleo_motor, reservatorio_agua, sistema_eletrico, estado_pneus, limpeza, lubrificacao_suspensoes, macaco, chave_roda, documento_atualizado, comentario, colaborador_id, veiculo_id) values (22, 'Marylee Ragdale', '36214 Valley Edge Trail', 54274, null, 1, 1, 1, 1, 0, 1, 1, 1, 1, 1, 1, null, 27, 31);
insert into Checklist_veiculo_frota (id, nome_motorista, destino, km_inicial, km_final, abastecido, comprovante_enviado, oleo_motor, reservatorio_agua, sistema_eletrico, estado_pneus, limpeza, lubrificacao_suspensoes, macaco, chave_roda, documento_atualizado, comentario, colaborador_id, veiculo_id) values (23, 'Garv Jameson', '79 Oak Valley Way', 52108, 99729, 1, 1, 1, 1, 1, 1, 1, 1, 1, 1, 1, 'Proin leo odio, porttitor id, consequat in, consequat ut, nulla. Sed accumsan felis. Ut at dolor quis odio consequat varius.', 43, 2);
insert into Checklist_veiculo_frota (id, nome_motorista, destino, km_inicial, km_final, abastecido, comprovante_enviado, oleo_motor, reservatorio_agua, sistema_eletrico, estado_pneus, limpeza, lubrificacao_suspensoes, macaco, chave_roda, documento_atualizado, comentario, colaborador_id, veiculo_id) values (24, 'Rosalyn Humpherston', '261 Sloan Junction', 44918, null, 1, 1, 1, 1, 1, 1, 1, 1, 1, 1, 1, 'Phasellus in felis. Donec semper sapien a libero. Nam dui.', 44, 2);
insert into Checklist_veiculo_frota (id, nome_motorista, destino, km_inicial, km_final, abastecido, comprovante_enviado, oleo_motor, reservatorio_agua, sistema_eletrico, estado_pneus, limpeza, lubrificacao_suspensoes, macaco, chave_roda, documento_atualizado, comentario, colaborador_id, veiculo_id) values (25, 'Noemi Quincey', '79 Reindahl Hill', 1917, 148284, 1, 1, 1, 1, 1, 1, 1, 1, 1, 1, 1, 'Etiam vel augue. Vestibulum rutrum rutrum neque. Aenean auctor gravida sem.', 47, 2);
insert into Checklist_veiculo_frota (id, nome_motorista, destino, km_inicial, km_final, abastecido, comprovante_enviado, oleo_motor, reservatorio_agua, sistema_eletrico, estado_pneus, limpeza, lubrificacao_suspensoes, macaco, chave_roda, documento_atualizado, comentario, colaborador_id, veiculo_id) values (26, 'Whittaker D''Alesco', '3 Debra Place', 80988, null, 1, 1, 1, 1, 1, 1, 1, 1, 1, 1, 1, 'Quisque porta volutpat erat. Quisque erat eros, viverra eget, congue eget, semper rutrum, nulla. Nunc purus.', 32, 25);
insert into Checklist_veiculo_frota (id, nome_motorista, destino, km_inicial, km_final, abastecido, comprovante_enviado, oleo_motor, reservatorio_agua, sistema_eletrico, estado_pneus, limpeza, lubrificacao_suspensoes, macaco, chave_roda, documento_atualizado, comentario, colaborador_id, veiculo_id) values (27, 'Puff Lowles', '64 Algoma Street', 47185, 100393, 1, 1, 1, 1, 1, 1, 1, 1, 1, 1, 1, 'Aenean fermentum. Donec ut mauris eget massa tempor convallis. Nulla neque libero, convallis eget, eleifend luctus, ultricies eu, nibh.', 48, 50);
insert into Checklist_veiculo_frota (id, nome_motorista, destino, km_inicial, km_final, abastecido, comprovante_enviado, oleo_motor, reservatorio_agua, sistema_eletrico, estado_pneus, limpeza, lubrificacao_suspensoes, macaco, chave_roda, documento_atualizado, comentario, colaborador_id, veiculo_id) values (28, 'Siana Vanner', '14115 Shopko Park', 70154, null, 1, 1, 1, 1, 1, 1, 1, 1, 1, 1, 1, 'Morbi non lectus. Aliquam sit amet diam in magna bibendum imperdiet. Nullam orci pede, venenatis non, sodales sed, tincidunt eu, felis.', 38, 20);
insert into Checklist_veiculo_frota (id, nome_motorista, destino, km_inicial, km_final, abastecido, comprovante_enviado, oleo_motor, reservatorio_agua, sistema_eletrico, estado_pneus, limpeza, lubrificacao_suspensoes, macaco, chave_roda, documento_atualizado, comentario, colaborador_id, veiculo_id) values (29, 'Emlynne Bullivent', '50682 Ramsey Street', 60966, 140368, 1, 1, 1, 1, 1, 1, 1, 1, 1, 1, 1, 'Proin interdum mauris non ligula pellentesque ultrices. Phasellus id sapien in sapien iaculis congue. Vivamus metus arcu, adipiscing molestie, hendrerit at, vulputate vitae, nisl.', 21, 33);
insert into Checklist_veiculo_frota (id, nome_motorista, destino, km_inicial, km_final, abastecido, comprovante_enviado, oleo_motor, reservatorio_agua, sistema_eletrico, estado_pneus, limpeza, lubrificacao_suspensoes, macaco, chave_roda, documento_atualizado, comentario, colaborador_id, veiculo_id) values (30, 'Marlee Newarte', '10553 Maryland Parkway', 58129, 78363, 1, 1, 1, 1, 1, 1, 1, 1, 1, 1, 1, null, 43, 48);
insert into Checklist_veiculo_frota (id, nome_motorista, destino, km_inicial, km_final, abastecido, comprovante_enviado, oleo_motor, reservatorio_agua, sistema_eletrico, estado_pneus, limpeza, lubrificacao_suspensoes, macaco, chave_roda, documento_atualizado, comentario, colaborador_id, veiculo_id) values (31, 'Arch Rebbeck', '7 Nobel Lane', 69157, 87267, 1, 1, 1, 1, 1, 1, 1, 1, 1, 1, 1, 'Suspendisse potenti. In eleifend quam a odio. In hac habitasse platea dictumst.', 28, 34);
insert into Checklist_veiculo_frota (id, nome_motorista, destino, km_inicial, km_final, abastecido, comprovante_enviado, oleo_motor, reservatorio_agua, sistema_eletrico, estado_pneus, limpeza, lubrificacao_suspensoes, macaco, chave_roda, documento_atualizado, comentario, colaborador_id, veiculo_id) values (32, 'Elden Babst', '2934 Tennessee Way', 38474, 141330, 1, 1, 1, 1, 1, 1, 1, 1, 1, 1, 1, 'Integer ac leo. Pellentesque ultrices mattis odio. Donec vitae nisi.', 40, 5);
insert into Checklist_veiculo_frota (id, nome_motorista, destino, km_inicial, km_final, abastecido, comprovante_enviado, oleo_motor, reservatorio_agua, sistema_eletrico, estado_pneus, limpeza, lubrificacao_suspensoes, macaco, chave_roda, documento_atualizado, comentario, colaborador_id, veiculo_id) values (33, 'Isaak Meeke', '1 Walton Alley', 47027, 99196, 1, 1, 1, 1, 1, 1, 1, 1, 1, 1, 1, 'Duis bibendum. Morbi non quam nec dui luctus rutrum. Nulla tellus.', 26, 33);
insert into Checklist_veiculo_frota (id, nome_motorista, destino, km_inicial, km_final, abastecido, comprovante_enviado, oleo_motor, reservatorio_agua, sistema_eletrico, estado_pneus, limpeza, lubrificacao_suspensoes, macaco, chave_roda, documento_atualizado, comentario, colaborador_id, veiculo_id) values (34, 'Kare Rapp', '76203 Scott Junction', 74443, 138056, 1, 1, 1, 1, 1, 1, 1, 1, 1, 1, 1, 'Duis aliquam convallis nunc. Proin at turpis a pede posuere nonummy. Integer non velit.', 8, 7);
insert into Checklist_veiculo_frota (id, nome_motorista, destino, km_inicial, km_final, abastecido, comprovante_enviado, oleo_motor, reservatorio_agua, sistema_eletrico, estado_pneus, limpeza, lubrificacao_suspensoes, macaco, chave_roda, documento_atualizado, comentario, colaborador_id, veiculo_id) values (35, 'Charlene Cabera', '3527 Oriole Hill', 21243, 57591, 1, 1, 1, 1, 1, 1, 1, 1, 1, 1, 1, 'Cras mi pede, malesuada in, imperdiet et, commodo vulputate, justo. In blandit ultrices enim. Lorem ipsum dolor sit amet, consectetuer adipiscing elit.', 45, 43);
insert into Checklist_veiculo_frota (id, nome_motorista, destino, km_inicial, km_final, abastecido, comprovante_enviado, oleo_motor, reservatorio_agua, sistema_eletrico, estado_pneus, limpeza, lubrificacao_suspensoes, macaco, chave_roda, documento_atualizado, comentario, colaborador_id, veiculo_id) values (36, 'Dino Romao', '112 Bellgrove Plaza', 41517, 76676, 1, 1, 1, 1, 1, 1, 1, 1, 1, 1, 1, null, 46, 6);
insert into Checklist_veiculo_frota (id, nome_motorista, destino, km_inicial, km_final, abastecido, comprovante_enviado, oleo_motor, reservatorio_agua, sistema_eletrico, estado_pneus, limpeza, lubrificacao_suspensoes, macaco, chave_roda, documento_atualizado, comentario, colaborador_id, veiculo_id) values (37, 'Homerus Sacchetti', '1431 Acker Hill', 28053, 67778, 1, 1, 1, 1, 1, 1, 1, 1, 1, 1, 1, 'Duis aliquam convallis nunc. Proin at turpis a pede posuere nonummy. Integer non velit.', 19, 24);
insert into Checklist_veiculo_frota (id, nome_motorista, destino, km_inicial, km_final, abastecido, comprovante_enviado, oleo_motor, reservatorio_agua, sistema_eletrico, estado_pneus, limpeza, lubrificacao_suspensoes, macaco, chave_roda, documento_atualizado, comentario, colaborador_id, veiculo_id) values (38, 'Anderson Conisbee', '03520 Shelley Road', 45829, 103518, 1, 1, 1, 1, 1, 1, 1, 1, 1, 1, 1, 'In hac habitasse platea dictumst. Etiam faucibus cursus urna. Ut tellus.', 30, 46);
insert into Checklist_veiculo_frota (id, nome_motorista, destino, km_inicial, km_final, abastecido, comprovante_enviado, oleo_motor, reservatorio_agua, sistema_eletrico, estado_pneus, limpeza, lubrificacao_suspensoes, macaco, chave_roda, documento_atualizado, comentario, colaborador_id, veiculo_id) values (39, 'Quintus Maine', '155 Mitchell Crossing', 90021, null, 1, 1, 1, 1, 1, 1, 1, 1, 1, 1, 1, null, 8, 36);
insert into Checklist_veiculo_frota (id, nome_motorista, destino, km_inicial, km_final, abastecido, comprovante_enviado, oleo_motor, reservatorio_agua, sistema_eletrico, estado_pneus, limpeza, lubrificacao_suspensoes, macaco, chave_roda, documento_atualizado, comentario, colaborador_id, veiculo_id) values (40, 'Saleem Trenholm', '101 Fair Oaks Avenue', 91870, 143111, 1, 1, 1, 1, 1, 1, 1, 1, 1, 1, 1, 'Vestibulum quam sapien, varius ut, blandit non, interdum in, ante. Vestibulum ante ipsum primis in faucibus orci luctus et ultrices posuere cubilia Curae; Duis faucibus accumsan odio. Curabitur convallis.', 20, 28);
insert into Checklist_veiculo_frota (id, nome_motorista, destino, km_inicial, km_final, abastecido, comprovante_enviado, oleo_motor, reservatorio_agua, sistema_eletrico, estado_pneus, limpeza, lubrificacao_suspensoes, macaco, chave_roda, documento_atualizado, comentario, colaborador_id, veiculo_id) values (41, 'Darnall Beatty', '4 Forest Crossing', 59519, 120594, 1, 1, 1, 1, 1, 1, 1, 1, 1, 1, 1, null, 14, 28);
insert into Checklist_veiculo_frota (id, nome_motorista, destino, km_inicial, km_final, abastecido, comprovante_enviado, oleo_motor, reservatorio_agua, sistema_eletrico, estado_pneus, limpeza, lubrificacao_suspensoes, macaco, chave_roda, documento_atualizado, comentario, colaborador_id, veiculo_id) values (42, 'Laryssa Van der Linde', '37 Garrison Drive', 73104, 79884, 1, 1, 1, 1, 1, 1, 1, 1, 1, 1, 1, 'Proin interdum mauris non ligula pellentesque ultrices. Phasellus id sapien in sapien iaculis congue. Vivamus metus arcu, adipiscing molestie, hendrerit at, vulputate vitae, nisl.', 43, 40);
insert into Checklist_veiculo_frota (id, nome_motorista, destino, km_inicial, km_final, abastecido, comprovante_enviado, oleo_motor, reservatorio_agua, sistema_eletrico, estado_pneus, limpeza, lubrificacao_suspensoes, macaco, chave_roda, documento_atualizado, comentario, colaborador_id, veiculo_id) values (43, 'Linnea Colbron', '939 Karstens Place', 85138, null, 1, 1, 1, 1, 1, 1, 1, 1, 1, 1, 1, 'Aenean lectus. Pellentesque eget nunc. Donec quis orci eget orci vehicula condimentum.', 25, 38);
insert into Checklist_veiculo_frota (id, nome_motorista, destino, km_inicial, km_final, abastecido, comprovante_enviado, oleo_motor, reservatorio_agua, sistema_eletrico, estado_pneus, limpeza, lubrificacao_suspensoes, macaco, chave_roda, documento_atualizado, comentario, colaborador_id, veiculo_id) values (44, 'Zolly Yurchishin', '13082 Pankratz Hill', 93408, null, 1, 1, 1, 1, 1, 1, 1, 1, 1, 1, 1, 'In hac habitasse platea dictumst. Morbi vestibulum, velit id pretium iaculis, diam erat fermentum justo, nec condimentum neque sapien placerat ante. Nulla justo.', 17, 2);
insert into Checklist_veiculo_frota (id, nome_motorista, destino, km_inicial, km_final, abastecido, comprovante_enviado, oleo_motor, reservatorio_agua, sistema_eletrico, estado_pneus, limpeza, lubrificacao_suspensoes, macaco, chave_roda, documento_atualizado, comentario, colaborador_id, veiculo_id) values (45, 'Antony Ughetti', '38 Packers Alley', 48458, 144822, 1, 1, 1, 1, 1, 1, 1, 1, 1, 1, 1, null, 34, 4);
insert into Checklist_veiculo_frota (id, nome_motorista, destino, km_inicial, km_final, abastecido, comprovante_enviado, oleo_motor, reservatorio_agua, sistema_eletrico, estado_pneus, limpeza, lubrificacao_suspensoes, macaco, chave_roda, documento_atualizado, comentario, colaborador_id, veiculo_id) values (46, 'Kass Orable', '733 Comanche Trail', 94323, null, 1, 1, 1, 1, 1, 1, 1, 1, 1, 1, 1, 'Sed sagittis. Nam congue, risus semper porta volutpat, quam pede lobortis ligula, sit amet eleifend pede libero quis orci. Nullam molestie nibh in lectus.', 23, 49);
insert into Checklist_veiculo_frota (id, nome_motorista, destino, km_inicial, km_final, abastecido, comprovante_enviado, oleo_motor, reservatorio_agua, sistema_eletrico, estado_pneus, limpeza, lubrificacao_suspensoes, macaco, chave_roda, documento_atualizado, comentario, colaborador_id, veiculo_id) values (47, 'Berty Durn', '03 Buena Vista Hill', 18673, 134005, 1, 1, 1, 1, 1, 1, 1, 1, 1, 1, 1, 'Maecenas ut massa quis augue luctus tincidunt. Nulla mollis molestie lorem. Quisque ut erat.', 19, 27);
insert into Checklist_veiculo_frota (id, nome_motorista, destino, km_inicial, km_final, abastecido, comprovante_enviado, oleo_motor, reservatorio_agua, sistema_eletrico, estado_pneus, limpeza, lubrificacao_suspensoes, macaco, chave_roda, documento_atualizado, comentario, colaborador_id, veiculo_id) values (48, 'Adlai Glossup', '0618 Rigney Point', 90070, 110685, 1, 1, 1, 1, 1, 1, 1, 1, 1, 1, 1, 'Duis bibendum, felis sed interdum venenatis, turpis enim blandit mi, in porttitor pede justo eu massa. Donec dapibus. Duis at velit eu est congue elementum.', 9, 40);
insert into Checklist_veiculo_frota (id, nome_motorista, destino, km_inicial, km_final, abastecido, comprovante_enviado, oleo_motor, reservatorio_agua, sistema_eletrico, estado_pneus, limpeza, lubrificacao_suspensoes, macaco, chave_roda, documento_atualizado, comentario, colaborador_id, veiculo_id) values (49, 'Braden Sancho', '99080 Canary Road', 6744, 118054, 1, 1, 1, 1, 1, 1, 1, 1, 1, 1, 1, null, 39, 20);
insert into Checklist_veiculo_frota (id, nome_motorista, destino, km_inicial, km_final, abastecido, comprovante_enviado, oleo_motor, reservatorio_agua, sistema_eletrico, estado_pneus, limpeza, lubrificacao_suspensoes, macaco, chave_roda, documento_atualizado, comentario, colaborador_id, veiculo_id) values (50, 'Morten Letford', '48 Bartelt Drive', 31463, 116027, 1, 1, 1, 1, 1, 1, 1, 1, 1, 1, 1, 'Quisque porta volutpat erat. Quisque erat eros, viverra eget, congue eget, semper rutrum, nulla. Nunc purus.', 20, 40);


-- antes de inserir fazer a lógica para selecionar o veiculo Veiculo_id apropriado disponivel e fazer os calculos de custo_frete, valor_total_frete, valor_liquido_frete
-- mostrar q vc n passa o custo, o total, o liquido e o veiculo, mas que ele calcula
-- mostrar q só tem um tipo de veiculo para esse peso e que só tem um veiculo disponivel e que ele fica indisponivel depois
insert into Cotacao (id, uf_origem, cidade_origem, peso_carga, valor_carga, valor_pedagio, distancia, cliente_id) values (1, 'SP', 'Taubaté', 32400, 670288.03, 6.89, 981, 49);
insert into Cotacao (id, uf_origem, cidade_origem, peso_carga, valor_carga, valor_pedagio, distancia, cliente_id) values (2, 'SP', 'Jacareí', 23702, 473726.0, 47.91, 278, 40);
insert into Cotacao (id, uf_origem, cidade_origem, peso_carga, valor_carga, valor_pedagio, distancia, cliente_id) values (3, 'SP', 'São José dos Campos', 11516, 319959.35, 14.62, 753, 12);
insert into Cotacao (id, uf_origem, cidade_origem, peso_carga, valor_carga, valor_pedagio, distancia, cliente_id) values (4, 'SP', 'Caçapava', 49427, 437822.13, 69.63, 1064, 17);
insert into Cotacao (id, uf_origem, cidade_origem, peso_carga, valor_carga, valor_pedagio, distancia, cliente_id) values (5, 'SP', 'Taubaté', 35401, 192561.7, 26.38, 697, 15);
insert into Cotacao (id, uf_origem, cidade_origem, peso_carga, valor_carga, valor_pedagio, distancia, cliente_id) values (6, 'SP', 'Caçapava', 48965, 922050.81, 47.48, 719, 35);
insert into Cotacao (id, uf_origem, cidade_origem, peso_carga, valor_carga, valor_pedagio, distancia, cliente_id) values (7, 'SP', 'Jacareí', 23317, 787768.07, 8.11, 877, 20);
insert into Cotacao (id, uf_origem, cidade_origem, peso_carga, valor_carga, valor_pedagio, distancia, cliente_id) values (8, 'SP', 'Taubaté', 10706, 91818.74, 29.62, 591, 42);
insert into Cotacao (id, uf_origem, cidade_origem, peso_carga, valor_carga, valor_pedagio, distancia, cliente_id) values (9, 'SP', 'Caçapava', 43729, 897317.65, 66.35, 470, 8);
insert into Cotacao (id, uf_origem, cidade_origem, peso_carga, valor_carga, valor_pedagio, distancia, cliente_id) values (10, 'SP', 'São José dos Campos', 24614, 53569.25, 43.58, 273, 18);
insert into Cotacao (id, uf_origem, cidade_origem, peso_carga, valor_carga, valor_pedagio, distancia, cliente_id) values (11, 'SP', 'Caçapava', 14563, 951774.32, 52.86, 709, 42);
insert into Cotacao (id, uf_origem, cidade_origem, peso_carga, valor_carga, valor_pedagio, distancia, cliente_id) values (12, 'SP', 'São José dos Campos', 28179, 213583.9, 30.26, 848, 43);
insert into Cotacao (id, uf_origem, cidade_origem, peso_carga, valor_carga, valor_pedagio, distancia, cliente_id) values (13, 'SP', 'Jacareí', 10056, 931304.76, 56.85, 1101, 42);
insert into Cotacao (id, uf_origem, cidade_origem, peso_carga, valor_carga, valor_pedagio, distancia, cliente_id) values (14, 'SP', 'Taubaté', 18920, 899387.97, 38.81, 1097, 25);
insert into Cotacao (id, uf_origem, cidade_origem, peso_carga, valor_carga, valor_pedagio, distancia, cliente_id) values (15, 'SP', 'Jacareí', 37604, 982474.36, 52.18, 1143, 35);
insert into Cotacao (id, uf_origem, cidade_origem, peso_carga, valor_carga, valor_pedagio, distancia, cliente_id) values (16, 'SP', 'Caçapava', 12299, 620622.55, 56.67, 518, 5);
insert into Cotacao (id, uf_origem, cidade_origem, peso_carga, valor_carga, valor_pedagio, distancia, cliente_id) values (17, 'SP', 'São José dos Campos', 806, 322801.33, 68.51, 1104, 3);
insert into Cotacao (id, uf_origem, cidade_origem, peso_carga, valor_carga, valor_pedagio, distancia, cliente_id) values (18, 'SP', 'São Paulo', 18889, 521874.67, 6.36, 605, 28);
insert into Cotacao (id, uf_origem, cidade_origem, peso_carga, valor_carga, valor_pedagio, distancia, cliente_id) values (19, 'SP', 'Jacareí', 38254, 665559.63, 52.54, 804, 37);
insert into Cotacao (id, uf_origem, cidade_origem, peso_carga, valor_carga, valor_pedagio, distancia, cliente_id) values (20, 'SP', 'São José dos Campos', 48406, 410472.68, 13.02, 1062, 39);
insert into Cotacao (id, uf_origem, cidade_origem, peso_carga, valor_carga, valor_pedagio, distancia, cliente_id) values (21, 'SP', 'São Paulo', 17310, 379704.4, 52.89, 190, 19);
insert into Cotacao (id, uf_origem, cidade_origem, peso_carga, valor_carga, valor_pedagio, distancia, cliente_id) values (22, 'SP', 'São Paulo', 14312, 812125.1, 34.37, 974, 11);
insert into Cotacao (id, uf_origem, cidade_origem, peso_carga, valor_carga, valor_pedagio, distancia, cliente_id) values (23, 'SP', 'Jacareí', 18192, 161635.42, 9.02, 343, 40);
insert into Cotacao (id, uf_origem, cidade_origem, peso_carga, valor_carga, valor_pedagio, distancia, cliente_id) values (24, 'SP', 'Caçapava', 28062, 398951.06, 30.45, 600, 13);
insert into Cotacao (id, uf_origem, cidade_origem, peso_carga, valor_carga, valor_pedagio, distancia, cliente_id) values (25, 'SP', 'Jacareí', 22152, 823761.47, 7.82, 412, 39);
insert into Cotacao (id, uf_origem, cidade_origem, peso_carga, valor_carga, valor_pedagio, distancia, cliente_id) values (26, 'SP', 'São José dos Campos', 41920, 258093.19, 47.24, 163, 6);
insert into Cotacao (id, uf_origem, cidade_origem, peso_carga, valor_carga, valor_pedagio, distancia, cliente_id) values (27, 'SP', 'Caçapava', 20441, 385815.48, 55.1, 452, 12);
insert into Cotacao (id, uf_origem, cidade_origem, peso_carga, valor_carga, valor_pedagio, distancia, cliente_id) values (28, 'SP', 'São Paulo', 37071, 604188.8, 59.87, 322, 15);
insert into Cotacao (id, uf_origem, cidade_origem, peso_carga, valor_carga, valor_pedagio, distancia, cliente_id) values (29, 'SP', 'São Paulo', 5058, 946017.41, 7.4, 697, 31);
insert into Cotacao (id, uf_origem, cidade_origem, peso_carga, valor_carga, valor_pedagio, distancia, cliente_id) values (30, 'SP', 'São Paulo', 37715, 396898.41, 25.53, 1005, 10);
insert into Cotacao (id, uf_origem, cidade_origem, peso_carga, valor_carga, valor_pedagio, distancia, cliente_id) values (31, 'SP', 'Jacareí', 19450, 832098.29, 22.13, 576, 31);
insert into Cotacao (id, uf_origem, cidade_origem, peso_carga, valor_carga, valor_pedagio, distancia, cliente_id) values (32, 'SP', 'São Paulo', 15314, 139803.69, 37.41, 595, 27);
insert into Cotacao (id, uf_origem, cidade_origem, peso_carga, valor_carga, valor_pedagio, distancia, cliente_id) values (33, 'SP', 'Taubaté', 38346, 175426.86, 46.45, 462, 18);
insert into Cotacao (id, uf_origem, cidade_origem, peso_carga, valor_carga, valor_pedagio, distancia, cliente_id) values (34, 'SP', 'São Paulo', 33809, 201057.13, 43.14, 680, 42);
insert into Cotacao (id, uf_origem, cidade_origem, peso_carga, valor_carga, valor_pedagio, distancia, cliente_id) values (35, 'SP', 'São José dos Campos', 29906, 43674.47, 61.53, 186, 7);
insert into Cotacao (id, uf_origem, cidade_origem, peso_carga, valor_carga, valor_pedagio, distancia, cliente_id) values (36, 'SP', 'Taubaté', 33007, 278721.73, 68.73, 645, 29);
insert into Cotacao (id, uf_origem, cidade_origem, peso_carga, valor_carga, valor_pedagio, distancia, cliente_id) values (37, 'SP', 'Caçapava', 2434, 68037.52, 21.72, 1191, 45);
insert into Cotacao (id, uf_origem, cidade_origem, peso_carga, valor_carga, valor_pedagio, distancia, cliente_id) values (38, 'SP', 'Jacareí', 41441, 733266.61, 46.96, 187, 9);
insert into Cotacao (id, uf_origem, cidade_origem, peso_carga, valor_carga, valor_pedagio, distancia, cliente_id) values (39, 'SP', 'São José dos Campos', 39491, 556670.6, 47.29, 833, 26);
insert into Cotacao (id, uf_origem, cidade_origem, peso_carga, valor_carga, valor_pedagio, distancia, cliente_id) values (40, 'SP', 'São José dos Campos', 9697, 269012.12, 13.36, 547, 29);
insert into Cotacao (id, uf_origem, cidade_origem, peso_carga, valor_carga, valor_pedagio, distancia, cliente_id) values (41, 'SP', 'Caçapava', 36143, 997137.38, 58.82, 243, 39);
insert into Cotacao (id, uf_origem, cidade_origem, peso_carga, valor_carga, valor_pedagio, distancia, cliente_id) values (42, 'SP', 'Jacareí', 1384, 309505.13, 39.46, 897, 15);
insert into Cotacao (id, uf_origem, cidade_origem, peso_carga, valor_carga, valor_pedagio, distancia, cliente_id) values (43, 'SP', 'Taubaté', 25904, 363475.99, 18.01, 1176, 37);
insert into Cotacao (id, uf_origem, cidade_origem, peso_carga, valor_carga, valor_pedagio, distancia, cliente_id) values (44, 'SP', 'Taubaté', 31358, 779566.74, 65.84, 853, 11);
insert into Cotacao (id, uf_origem, cidade_origem, peso_carga, valor_carga, valor_pedagio, distancia, cliente_id) values (45, 'SP', 'Jacareí', 4885, 834929.47, 11.28, 501, 26);
insert into Cotacao (id, uf_origem, cidade_origem, peso_carga, valor_carga, valor_pedagio, distancia, cliente_id) values (46, 'SP', 'São Paulo', 4916, 697640.66, 43.44, 1102, 42);
insert into Cotacao (id, uf_origem, cidade_origem, peso_carga, valor_carga, valor_pedagio, distancia, cliente_id) values (47, 'SP', 'São Paulo', 15363, 621820.83, 60.08, 932, 39);
insert into Cotacao (id, uf_origem, cidade_origem, peso_carga, valor_carga, valor_pedagio, distancia, cliente_id) values (48, 'SP', 'Taubaté', 1104, 861294.66, 19.26, 628, 39);
insert into Cotacao (id, uf_origem, cidade_origem, peso_carga, valor_carga, valor_pedagio, distancia, cliente_id) values (49, 'SP', 'Taubaté', 19471, 519832.92, 65.31, 511, 18);
insert into Cotacao (id, uf_origem, cidade_origem, peso_carga, valor_carga, valor_pedagio, distancia, cliente_id) values (50, 'SP', 'Taubaté', 2773, 234209.73, 32.97, 745, 35);
